"CÃ³digo","Cuatrimestre","Escala_Cog.","Escala_Mot.","Escala_Soc","Escala_Dis."
231,"3 (Jul-Sep)",93,25,35,21
464,"3 (Jul-Sep)",94,25,53,23
466,"1 (Ene-Mar)",91,19,53,21
480,"1 (Ene-Mar)",83,26,54,28
500,"3 (Jul-Sep)",116,32,57,25
504,"1 (Ene-Mar)",92,24,55,22
532,"3 (Jul-Sep)",73,18,54,16
957,"4 (Oct-Dic)",90,29,67,34
978,"4 (Oct-Dic)",78,19,51,20
1039,"3 (Jul-Sep)",85,28,72,31
1158,"4 (Oct-Dic)",53,11,45,17
1180,"3 (Jul-Sep)",76,24,50,16
1385,"1 (Ene-Mar)",62,17,52,17
1415,"2 (Abr-Jun)",66,29,53,27
1457,"4 (Oct-Dic)",62,23,52,15
2110,"3 (Jul-Sep)",71,21,41,25
2347,"2 (Abr-Jun)",50,26,68,19
2511,"4 (Oct-Dic)",83,22,46,20
2705,"2 (Abr-Jun)",102,22,63,23
2835,"2 (Abr-Jun)",121,29,64,36
2836,"2 (Abr-Jun)",133,31,73,36
2839,"3 (Jul-Sep)",134,32,65,26
2840,"3 (Jul-Sep)",132,24,50,19
2841,"1 (Ene-Mar)",100,27,57,20
2842,"2 (Abr-Jun)",117,30,61,24
2843,"1 (Ene-Mar)",99,30,61,23
2844,"4 (Oct-Dic)",112,29,64,24
2846,"1 (Ene-Mar)",131,24,60,23
2848,"3 (Jul-Sep)",125,33,51,25
2849,"2 (Abr-Jun)",143,35,75,28
2880,"3 (Jul-Sep)",127,35,56,24
2881,"1 (Ene-Mar)",109,22,62,25
2882,"3 (Jul-Sep)",124,20,47,20
2883,"4 (Oct-Dic)",107,24,55,19
2884,"2 (Abr-Jun)",125,35,62,23
2885,"2 (Abr-Jun)",119,33,62,23
2889,"1 (Ene-Mar)",105,29,58,24
2890,"4 (Oct-Dic)",92,28,58,22
2891,"3 (Jul-Sep)",138,34,59,30
2892,"1 (Ene-Mar)",132,27,70,29
2893,"3 (Jul-Sep)",107,28,74,29
2894,"1 (Ene-Mar)",103,27,72,30
2895,"3 (Jul-Sep)",146,34,74,31
2896,"2 (Abr-Jun)",108,20,62,28
2897,"4 (Oct-Dic)",124,32,64,32
2900,"2 (Abr-Jun)",114,30,66,28
2901,"3 (Jul-Sep)",82,28,53,29
2902,"4 (Oct-Dic)",133,34,76,32
2903,"4 (Oct-Dic)",135,31,68,31
2904,"3 (Jul-Sep)",99,18,62,27
2905,"2 (Abr-Jun)",144,33,73,31
2906,"2 (Abr-Jun)",119,31,65,30
2907,"1 (Ene-Mar)",119,30,66,31
2908,"4 (Oct-Dic)",129,31,75,31
2910,"4 (Oct-Dic)",121,32,73,24
2911,"1 (Ene-Mar)",152,33,76,28
2912,"3 (Jul-Sep)",90,31,72,21
2913,"1 (Ene-Mar)",128,27,76,25
2914,"1 (Ene-Mar)",134,34,43,23
2915,"1 (Ene-Mar)",100,29,70,25
2916,"2 (Abr-Jun)",149,32,71,27
2918,"1 (Ene-Mar)",130,31,64,28
2919,"3 (Jul-Sep)",117,29,58,18
2920,"3 (Jul-Sep)",143,32,63,28
2921,"2 (Abr-Jun)",132,28,46,27
2922,"4 (Oct-Dic)",110,21,51,22
2923,"3 (Jul-Sep)",133,28,46,20
2924,"4 (Oct-Dic)",141,32,54,20
2925,"2 (Abr-Jun)",144,31,67,27
2926,"3 (Jul-Sep)",108,28,57,17
2927,"3 (Jul-Sep)",147,30,51,24
2928,"4 (Oct-Dic)",121,31,65,29
2935,"3 (Jul-Sep)",128,30,74,36
2940,"2 (Abr-Jun)",155,33,77,30
2943,"2 (Abr-Jun)",136,28,57,22
2946,"2 (Abr-Jun)",137,33,57,21
2948,"4 (Oct-Dic)",79,26,44,17
2950,"4 (Oct-Dic)",135,29,48,20
2952,"4 (Oct-Dic)",118,30,40,18
2955,"1 (Ene-Mar)",115,26,40,15
2957,"4 (Oct-Dic)",93,23,46,17
2958,"1 (Ene-Mar)",128,23,46,19
2960,"1 (Ene-Mar)",129,26,68,29
2961,"4 (Oct-Dic)",104,30,55,17
2963,"1 (Ene-Mar)",58,17,50,20
2964,"1 (Ene-Mar)",126,30,59,28
2965,"4 (Oct-Dic)",85,28,49,24
2966,"2 (Abr-Jun)",110,15,46,23
2967,"3 (Jul-Sep)",134,32,53,19
2969,"1 (Ene-Mar)",130,32,66,26
2972,"4 (Oct-Dic)",143,33,57,24
2973,"1 (Ene-Mar)",145,31,66,30
2974,"2 (Abr-Jun)",142,33,68,29
2975,"3 (Jul-Sep)",99,27,57,23
2976,"4 (Oct-Dic)",145,32,75,31
2977,"1 (Ene-Mar)",121,31,62,26
2978,"1 (Ene-Mar)",125,27,54,20
2979,"3 (Jul-Sep)",154,35,76,30
2980,"2 (Abr-Jun)",88,32,70,23
2981,"3 (Jul-Sep)",115,30,69,25
2982,"1 (Ene-Mar)",144,32,60,21
2983,"1 (Ene-Mar)",116,32,58,25
2984,"4 (Oct-Dic)",112,29,38,19
2985,"3 (Jul-Sep)",109,28,36,20
2986,"2 (Abr-Jun)",125,30,54,23
2987,"2 (Abr-Jun)",93,34,76,30
2988,"1 (Ene-Mar)",85,19,51,18
2989,"2 (Abr-Jun)",85,20,34,17
2990,"3 (Jul-Sep)",155,36,73,31
2991,"2 (Abr-Jun)",152,36,72,31
3185,"2 (Abr-Jun)",129,28,72,36
3208,"4 (Oct-Dic)",93,30,68,24
3209,"2 (Abr-Jun)",120,31,61,25
3241,"2 (Abr-Jun)",103,30,62,26
3298,"1 (Ene-Mar)",145,31,57,28
3306,"1 (Ene-Mar)",96,24,46,24
3308,"2 (Abr-Jun)",132,29,69,34
3336,"2 (Abr-Jun)",156,35,72,30
3343,"1 (Ene-Mar)",79,15,45,22
3388,"4 (Oct-Dic)",102,32,70,33
3409,"2 (Abr-Jun)",109,30,59,24
3436,"2 (Abr-Jun)",125,32,69,29
3454,"2 (Abr-Jun)",92,30,66,24
3461,"3 (Jul-Sep)",73,29,66,24
3519,"3 (Jul-Sep)",143,32,77,30
2620,"1 (Ene-Mar)",87,24,53,24
2627,"3 (Jul-Sep)",134,33,71,33
2630,"3 (Jul-Sep)",126,30,69,33
2633,"4 (Oct-Dic)",130,32,66,31
2637,"1 (Ene-Mar)",113,28,63,26
2640,"4 (Oct-Dic)",129,30,77,34
2645,"1 (Ene-Mar)",129,28,64,30
2651,"4 (Oct-Dic)",112,27,62,25
2652,"3 (Jul-Sep)",107,30,60,26
2655,"3 (Jul-Sep)",121,27,68,31
2669,"2 (Abr-Jun)",120,29,76,31
2670,"4 (Oct-Dic)",105,26,63,29
2673,"2 (Abr-Jun)",149,35,70,32
2685,"2 (Abr-Jun)",101,29,58,26
2686,"4 (Oct-Dic)",117,29,62,31
2687,"1 (Ene-Mar)",113,23,58,28
2688,"1 (Ene-Mar)",108,31,67,32
2689,"2 (Abr-Jun)",121,28,54,29
2690,"2 (Abr-Jun)",139,25,71,33
2691,"2 (Abr-Jun)",121,28,64,30
2692,"2 (Abr-Jun)",131,34,68,35
2693,"4 (Oct-Dic)",96,22,58,28
2694,"4 (Oct-Dic)",112,28,62,27
2695,"2 (Abr-Jun)",117,30,66,30
2696,"2 (Abr-Jun)",139,23,69,32
2697,"1 (Ene-Mar)",88,26,63,23
2700,"2 (Abr-Jun)",130,28,70,35
2702,"3 (Jul-Sep)",116,26,66,27
2703,"3 (Jul-Sep)",105,33,71,31
2706,"1 (Ene-Mar)",107,29,66,32
2708,"2 (Abr-Jun)",128,32,71,34
2711,"1 (Ene-Mar)",123,25,66,31
2712,"3 (Jul-Sep)",122,32,72,33
2714,"4 (Oct-Dic)",136,29,64,33
2715,"4 (Oct-Dic)",103,24,61,24
2718,"2 (Abr-Jun)",114,31,62,25
2720,"3 (Jul-Sep)",125,33,67,33
2721,"3 (Jul-Sep)",83,22,57,19
2724,"1 (Ene-Mar)",120,29,73,25
2725,"3 (Jul-Sep)",110,31,70,28
2730,"2 (Abr-Jun)",121,29,66,27
2734,"1 (Ene-Mar)",114,28,65,29
2735,"2 (Abr-Jun)",140,31,77,34
2740,"1 (Ene-Mar)",101,21,55,23
2741,"4 (Oct-Dic)",136,35,77,33
2742,"1 (Ene-Mar)",111,30,72,27
2744,"3 (Jul-Sep)",142,34,72,32
2745,"4 (Oct-Dic)",131,28,68,33
2747,"3 (Jul-Sep)",98,24,64,27
2750,"4 (Oct-Dic)",132,33,74,36
2752,"3 (Jul-Sep)",111,31,65,28
2755,"1 (Ene-Mar)",95,23,62,27
2757,"1 (Ene-Mar)",86,20,59,18
2759,"1 (Ene-Mar)",76,20,61,18
2764,"1 (Ene-Mar)",117,30,71,30
2765,"3 (Jul-Sep)",120,32,75,30
2767,"3 (Jul-Sep)",143,32,67,29
2774,"2 (Abr-Jun)",115,27,70,32
2775,"4 (Oct-Dic)",78,28,62,27
2777,"2 (Abr-Jun)",114,29,68,28
2778,"4 (Oct-Dic)",97,25,69,28
2780,"3 (Jul-Sep)",120,27,71,30
2783,"4 (Oct-Dic)",110,28,70,31
2785,"2 (Abr-Jun)",125,25,75,31
3252,"4 (Oct-Dic)",107,33,65,25
3258,"3 (Jul-Sep)",87,30,59,22
3284,"4 (Oct-Dic)",93,28,56,23
3290,"1 (Ene-Mar)",73,24,55,19
1072,"3 (Jul-Sep)",146,36,67,34
939,"2 (Abr-Jun)",143,30,43,30
940,"3 (Jul-Sep)",145,31,44,30
3330,"2 (Abr-Jun)",98,31,54,22
3446,"2 (Abr-Jun)",86,27,59,19
2115,"4 (Oct-Dic)",50,22,54,13
2117,"1 (Ene-Mar)",59,23,53,24
534,"3 (Jul-Sep)",49,14,49,19
540,"3 (Jul-Sep)",71,23,56,23
287,"2 (Abr-Jun)",66,23,51,28
288,"4 (Oct-Dic)",83,25,53,28
1095,"2 (Abr-Jun)",57,20,52,15
217,"2 (Abr-Jun)",91,27,56,26
218,"3 (Jul-Sep)",69,21,32,17
1094,"2 (Abr-Jun)",55,18,45,13
1101,"2 (Abr-Jun)",55,18,58,19
1104,"2 (Abr-Jun)",51,18,46,16
1098,"3 (Jul-Sep)",55,18,51,13
1096,"3 (Jul-Sep)",71,19,56,18
1092,"3 (Jul-Sep)",65,21,44,15
103,"3 (Jul-Sep)",48,16,47,16
3367,"3 (Jul-Sep)",145,36,43,31
3369,"3 (Jul-Sep)",130,33,66,32
1099,"3 (Jul-Sep)",52,18,55,15
108,"3 (Jul-Sep)",40,14,38,13
1103,"3 (Jul-Sep)",48,18,41,11
104,"4 (Oct-Dic)",60,13,58,15
1093,"4 (Oct-Dic)",56,15,52,16
106,"4 (Oct-Dic)",45,13,51,13
1380,"1 (Ene-Mar)",98,27,62,25
1381,"1 (Ene-Mar)",98,26,60,25
3171,"3 (Jul-Sep)",94,28,53,21
3173,"1 (Ene-Mar)",111,31,56,24
1091,"1 (Ene-Mar)",52,17,42,13
3423,"1 (Ene-Mar)",123,32,57,28
3427,"1 (Ene-Mar)",87,27,54,25
1396,"1 (Ene-Mar)",78,19,55,21
1447,"4 (Oct-Dic)",67,17,50,19
837,"1 (Ene-Mar)",56,25,61,26
2242,"2 (Abr-Jun)",88,24,67,16
910,"2 (Abr-Jun)",42,14,57,15
911,"3 (Jul-Sep)",39,17,52,19
800,"3 (Jul-Sep)",70,21,57,21
801,"4 (Oct-Dic)",75,22,58,21
2198,"3 (Jul-Sep)",117,35,75,34
2199,"3 (Jul-Sep)",87,30,72,34
3374,"3 (Jul-Sep)",75,24,53,21
2282,"3 (Jul-Sep)",97,22,62,28
2283,"2 (Abr-Jun)",116,27,58,30
17,"4 (Oct-Dic)",53,21,49,23
167,"4 (Oct-Dic)",80,19,48,20
168,"2 (Abr-Jun)",79,21,53,26
1057,"4 (Oct-Dic)",90,22,53,23
1058,"4 (Oct-Dic)",70,21,49,20
1842,"4 (Oct-Dic)",117,32,73,28
1066,"4 (Oct-Dic)",58,16,53,22
1841,"1 (Ene-Mar)",116,31,71,28
1837,"1 (Ene-Mar)",104,32,70,29
2188,"4 (Oct-Dic)",63,21,55,23
150,"2 (Abr-Jun)",83,22,53,23
153,"2 (Abr-Jun)",82,21,54,26
152,"3 (Jul-Sep)",80,21,52,21
148,"1 (Ene-Mar)",61,20,55,20
151,"1 (Ene-Mar)",71,17,51,18
3162,"2 (Abr-Jun)",119,34,65,32
149,"1 (Ene-Mar)",95,29,56,26
847,"2 (Abr-Jun)",103,33,78,31
3458,"2 (Abr-Jun)",116,34,69,31
1282,"2 (Abr-Jun)",67,22,62,23
3204,"4 (Oct-Dic)",75,33,71,23
1436,"3 (Jul-Sep)",62,21,49,19
2572,"2 (Abr-Jun)",124,29,57,28
3401,"4 (Oct-Dic)",68,26,54,17
891,"2 (Abr-Jun)",78,27,57,24
2353,"3 (Jul-Sep)",98,35,76,31
1435,"3 (Jul-Sep)",67,24,51,23
1437,"4 (Oct-Dic)",71,14,50,22
1697,"4 (Oct-Dic)",90,18,47,19
1438,"1 (Ene-Mar)",67,25,41,19
1991,"2 (Abr-Jun)",83,22,48,21
1992,"2 (Abr-Jun)",96,24,53,24
1993,"1 (Ene-Mar)",92,22,54,21
1987,"3 (Jul-Sep)",71,26,57,26
1986,"3 (Jul-Sep)",69,23,53,23
2121,"1 (Ene-Mar)",74,24,50,23
1974,"4 (Oct-Dic)",133,36,72,23
2119,"4 (Oct-Dic)",77,27,54,26
1972,"1 (Ene-Mar)",129,36,63,27
2122,"1 (Ene-Mar)",59,22,49,19
2111,"1 (Ene-Mar)",55,22,52,23
2113,"1 (Ene-Mar)",69,23,55,24
2092,"3 (Jul-Sep)",92,32,62,30
2112,"1 (Ene-Mar)",72,25,58,23
1929,"1 (Ene-Mar)",86,22,57,21
1970,"2 (Abr-Jun)",78,27,63,25
1009,"2 (Abr-Jun)",62,19,48,17
1003,"2 (Abr-Jun)",59,19,48,17
1006,"3 (Jul-Sep)",51,17,46,18
999,"3 (Jul-Sep)",65,19,46,21
1004,"2 (Abr-Jun)",68,18,46,18
1005,"3 (Jul-Sep)",68,22,49,19
1010,"4 (Oct-Dic)",69,22,52,21
1000,"4 (Oct-Dic)",54,17,43,14
1012,"1 (Ene-Mar)",59,18,48,18
1928,"2 (Abr-Jun)",84,18,57,21
1931,"3 (Jul-Sep)",97,28,54,28
1933,"3 (Jul-Sep)",88,26,65,16
2079,"3 (Jul-Sep)",65,21,55,20
1935,"4 (Oct-Dic)",92,22,63,25
2075,"1 (Ene-Mar)",72,23,59,22
884,"3 (Jul-Sep)",106,31,68,32
1290,"4 (Oct-Dic)",49,22,58,19
1088,"2 (Abr-Jun)",132,36,72,28
781,"3 (Jul-Sep)",92,22,51,24
2142,"1 (Ene-Mar)",76,27,57,21
1849,"2 (Abr-Jun)",134,36,76,32
1524,"3 (Jul-Sep)",65,27,62,20
560,"3 (Jul-Sep)",67,24,48,21
578,"3 (Jul-Sep)",74,21,42,23
564,"3 (Jul-Sep)",103,28,69,28
577,"4 (Oct-Dic)",72,21,49,23
575,"4 (Oct-Dic)",61,21,35,18
558,"1 (Ene-Mar)",53,21,47,16
574,"1 (Ene-Mar)",76,21,51,21
565,"1 (Ene-Mar)",96,24,58,27
1391,"4 (Oct-Dic)",96,31,51,24
3441,"3 (Jul-Sep)",80,28,60,17
3165,"1 (Ene-Mar)",81,30,64,25
3499,"1 (Ene-Mar)",105,36,44,24
3170,"2 (Abr-Jun)",69,22,57,22
1975,"3 (Jul-Sep)",134,35,60,30
1973,"4 (Oct-Dic)",122,33,64,26
1071,"3 (Jul-Sep)",150,35,68,34
2009,"4 (Oct-Dic)",81,27,61,21
3431,"2 (Abr-Jun)",113,30,63,26
3226,"2 (Abr-Jun)",109,30,45,19
1176,"3 (Jul-Sep)",64,22,53,21
3207,"3 (Jul-Sep)",100,32,65,25
3234,"3 (Jul-Sep)",81,25,55,22
3472,"3 (Jul-Sep)",108,25,59,24
3495,"4 (Oct-Dic)",76,22,53,21
3286,"4 (Oct-Dic)",65,15,39,17
3395,"4 (Oct-Dic)",143,24,72,31
2008,"1 (Ene-Mar)",78,27,59,21
2091,"2 (Abr-Jun)",85,34,61,29
2107,"2 (Abr-Jun)",73,30,71,24
2093,"2 (Abr-Jun)",105,34,65,30
2101,"2 (Abr-Jun)",69,29,41,18
2089,"2 (Abr-Jun)",89,31,63,29
2094,"2 (Abr-Jun)",79,29,58,29
2096,"2 (Abr-Jun)",93,34,61,31
2106,"3 (Jul-Sep)",58,22,57,18
1990,"2 (Abr-Jun)",79,25,61,21
349,"1 (Ene-Mar)",68,15,53,20
1167,"3 (Jul-Sep)",69,20,57,23
285,"1 (Ene-Mar)",62,23,54,23
541,"2 (Abr-Jun)",69,22,56,20
553,"2 (Abr-Jun)",129,36,67,34
546,"4 (Oct-Dic)",97,30,58,31
543,"4 (Oct-Dic)",70,22,57,21
548,"4 (Oct-Dic)",106,32,58,31
538,"1 (Ene-Mar)",57,19,53,19
547,"1 (Ene-Mar)",44,10,32,16
709,"4 (Oct-Dic)",111,30,77,32
1404,"4 (Oct-Dic)",58,25,61,27
53,"3 (Jul-Sep)",61,23,54,26
1971,"4 (Oct-Dic)",82,27,66,25
2081,"1 (Ene-Mar)",100,27,62,29
1440,"2 (Abr-Jun)",63,23,50,19
990,"4 (Oct-Dic)",78,27,71,29
2617,"3 (Jul-Sep)",106,34,73,31
2360,"1 (Ene-Mar)",125,32,77,34
1805,"2 (Abr-Jun)",103,25,63,25
1354,"2 (Abr-Jun)",73,21,55,19
2398,"2 (Abr-Jun)",124,34,66,33
1394,"2 (Abr-Jun)",92,29,60,24
3081,"1 (Ene-Mar)",122,33,62,30
1002,"2 (Abr-Jun)",56,17,48,18
81,"2 (Abr-Jun)",112,36,71,25
1209,"2 (Abr-Jun)",99,25,62,25
1113,"2 (Abr-Jun)",46,15,46,18
356,"1 (Ene-Mar)",79,20,49,21
2805,"1 (Ene-Mar)",126,32,66,29
2594,"2 (Abr-Jun)",41,23,41,12
1389,"2 (Abr-Jun)",110,27,61,28
2356,"2 (Abr-Jun)",71,26,55,23
771,"2 (Abr-Jun)",93,19,56,22
264,"2 (Abr-Jun)",101,26,62,29
826,"2 (Abr-Jun)",80,26,56,21
954,"2 (Abr-Jun)",86,27,64,30
784,"2 (Abr-Jun)",82,23,47,24
1117,"2 (Abr-Jun)",65,17,50,21
1135,"2 (Abr-Jun)",151,33,77,35
2010,"2 (Abr-Jun)",74,25,54,20
2337,"2 (Abr-Jun)",101,34,75,27
289,"2 (Abr-Jun)",72,24,54,27
32,"2 (Abr-Jun)",116,27,61,28
704,"2 (Abr-Jun)",141,33,58,32
1867,"2 (Abr-Jun)",106,34,72,29
1309,"2 (Abr-Jun)",124,29,67,33
214,"2 (Abr-Jun)",88,26,41,23
1313,"2 (Abr-Jun)",61,20,59,29
772,"2 (Abr-Jun)",95,23,56,24
1185,"2 (Abr-Jun)",92,29,57,25
1531,"2 (Abr-Jun)",121,35,69,23
927,"2 (Abr-Jun)",92,19,64,24
1138,"2 (Abr-Jun)",124,33,76,29
2512,"2 (Abr-Jun)",144,33,67,24
1018,"2 (Abr-Jun)",55,18,49,20
960,"2 (Abr-Jun)",102,31,71,28
226,"2 (Abr-Jun)",74,23,39,22
2563,"2 (Abr-Jun)",63,20,42,19
571,"2 (Abr-Jun)",92,27,62,23
3406,"2 (Abr-Jun)",78,29,58,17
2514,"2 (Abr-Jun)",108,30,68,24
228,"2 (Abr-Jun)",79,21,44,20
413,"2 (Abr-Jun)",108,28,57,21
3468,"2 (Abr-Jun)",95,24,60,26
836,"2 (Abr-Jun)",83,31,65,23
1139,"2 (Abr-Jun)",51,28,49,21
936,"2 (Abr-Jun)",83,22,64,24
567,"2 (Abr-Jun)",87,25,57,27
989,"2 (Abr-Jun)",96,30,72,29
2554,"2 (Abr-Jun)",117,30,66,28
2562,"2 (Abr-Jun)",136,34,69,33
92,"2 (Abr-Jun)",147,36,67,30
1850,"2 (Abr-Jun)",143,36,76,28
1382,"2 (Abr-Jun)",84,23,55,21
3274,"2 (Abr-Jun)",108,32,55,23
2253,"2 (Abr-Jun)",109,31,63,35
281,"2 (Abr-Jun)",78,25,60,24
2414,"2 (Abr-Jun)",122,35,67,33
257,"2 (Abr-Jun)",119,26,61,30
2372,"2 (Abr-Jun)",126,34,77,35
363,"2 (Abr-Jun)",78,18,46,19
3150,"2 (Abr-Jun)",86,35,64,31
983,"2 (Abr-Jun)",69,25,50,23
2268,"2 (Abr-Jun)",99,31,61,29
982,"2 (Abr-Jun)",72,26,49,24
2339,"2 (Abr-Jun)",150,36,72,30
2526,"2 (Abr-Jun)",71,27,58,23
721,"2 (Abr-Jun)",115,33,68,28
2605,"2 (Abr-Jun)",105,21,58,31
3428,"2 (Abr-Jun)",93,24,56,21
1351,"2 (Abr-Jun)",72,17,52,19
3359,"2 (Abr-Jun)",123,27,47,25
2267,"2 (Abr-Jun)",110,31,63,30
2254,"2 (Abr-Jun)",122,36,64,36
1015,"2 (Abr-Jun)",101,26,66,30
705,"2 (Abr-Jun)",128,32,70,32
1306,"2 (Abr-Jun)",108,29,62,33
1350,"2 (Abr-Jun)",97,26,59,27
820,"2 (Abr-Jun)",114,32,68,24
2596,"2 (Abr-Jun)",63,29,50,18
14,"2 (Abr-Jun)",113,24,58,27
1030,"2 (Abr-Jun)",92,24,63,23
921,"2 (Abr-Jun)",114,25,76,25
3259,"2 (Abr-Jun)",136,35,66,28
1184,"2 (Abr-Jun)",69,22,45,20
2399,"2 (Abr-Jun)",110,32,66,32
1310,"2 (Abr-Jun)",79,29,65,32
1960,"2 (Abr-Jun)",112,33,72,29
1806,"2 (Abr-Jun)",118,28,61,25
1856,"2 (Abr-Jun)",115,31,73,26
3163,"2 (Abr-Jun)",112,34,64,32
3013,"2 (Abr-Jun)",140,36,67,32
626,"2 (Abr-Jun)",72,20,55,23
2518,"2 (Abr-Jun)",109,30,64,21
3184,"2 (Abr-Jun)",86,30,54,26
1371,"2 (Abr-Jun)",123,33,65,31
3437,"2 (Abr-Jun)",109,32,62,25
1179,"2 (Abr-Jun)",87,18,51,23
1038,"2 (Abr-Jun)",79,22,69,28
2377,"2 (Abr-Jun)",121,32,70,34
3133,"2 (Abr-Jun)",112,35,66,30
3167,"2 (Abr-Jun)",78,32,61,21
831,"2 (Abr-Jun)",94,26,49,21
391,"2 (Abr-Jun)",96,22,60,23
1359,"2 (Abr-Jun)",112,32,62,30
2391,"2 (Abr-Jun)",133,33,67,32
1220,"2 (Abr-Jun)",72,30,54,21
1365,"2 (Abr-Jun)",94,29,66,29
2259,"2 (Abr-Jun)",81,24,59,24
576,"2 (Abr-Jun)",76,21,50,23
2358,"2 (Abr-Jun)",118,32,77,35
997,"2 (Abr-Jun)",63,22,49,17
1789,"2 (Abr-Jun)",111,27,73,27
1021,"2 (Abr-Jun)",79,25,62,23
1086,"2 (Abr-Jun)",98,35,67,21
1750,"2 (Abr-Jun)",131,36,75,31
2602,"2 (Abr-Jun)",98,31,66,24
1854,"2 (Abr-Jun)",122,30,73,29
2413,"2 (Abr-Jun)",102,31,69,28
834,"2 (Abr-Jun)",105,32,64,26
1013,"2 (Abr-Jun)",95,30,69,28
1866,"2 (Abr-Jun)",133,36,77,31
1782,"2 (Abr-Jun)",93,32,70,26
1300,"2 (Abr-Jun)",148,35,68,33
3285,"2 (Abr-Jun)",108,30,59,22
2371,"2 (Abr-Jun)",110,32,75,35
814,"2 (Abr-Jun)",107,32,73,25
1033,"2 (Abr-Jun)",84,25,63,23
222,"2 (Abr-Jun)",98,28,60,30
573,"2 (Abr-Jun)",108,28,52,25
1875,"2 (Abr-Jun)",153,36,73,31
1043,"2 (Abr-Jun)",100,28,72,30
2609,"2 (Abr-Jun)",40,26,33,11
3254,"4 (Oct-Dic)",91,27,57,22
2266,"2 (Abr-Jun)",127,36,66,35
3311,"2 (Abr-Jun)",99,22,55,23
2249,"2 (Abr-Jun)",104,31,61,32
1848,"2 (Abr-Jun)",147,36,66,30
3342,"2 (Abr-Jun)",155,36,71,35
1885,"2 (Abr-Jun)",116,34,76,27
2397,"2 (Abr-Jun)",146,35,68,30
2116,"2 (Abr-Jun)",58,23,55,24
529,"2 (Abr-Jun)",139,36,60,29
3110,"2 (Abr-Jun)",91,31,42,21
229,"2 (Abr-Jun)",100,30,56,31
266,"2 (Abr-Jun)",65,20,58,22
91,"2 (Abr-Jun)",86,29,54,22
223,"2 (Abr-Jun)",106,28,63,31
66,"2 (Abr-Jun)",103,26,63,25
1751,"2 (Abr-Jun)",106,35,75,29
3101,"2 (Abr-Jun)",114,30,58,29
263,"2 (Abr-Jun)",70,20,61,27
236,"2 (Abr-Jun)",68,20,42,24
3449,"2 (Abr-Jun)",99,27,55,16
267,"2 (Abr-Jun)",108,28,67,31
396,"2 (Abr-Jun)",67,24,56,22
2381,"2 (Abr-Jun)",118,31,73,35
3280,"2 (Abr-Jun)",102,32,57,22
774,"2 (Abr-Jun)",85,28,56,26
3138,"2 (Abr-Jun)",82,35,65,25
1022,"2 (Abr-Jun)",83,25,63,23
1781,"2 (Abr-Jun)",82,29,65,22
3339,"2 (Abr-Jun)",156,36,74,33
3224,"2 (Abr-Jun)",85,26,55,22
3192,"4 (Oct-Dic)",112,31,59,26
2595,"2 (Abr-Jun)",104,30,63,29
2146,"2 (Abr-Jun)",83,26,48,23
269,"2 (Abr-Jun)",105,29,60,30
2343,"2 (Abr-Jun)",71,33,73,29
3361,"2 (Abr-Jun)",116,31,57,27
1246,"2 (Abr-Jun)",111,29,61,31
3288,"2 (Abr-Jun)",140,33,62,27
357,"2 (Abr-Jun)",80,23,47,19
3301,"2 (Abr-Jun)",67,16,45,23
827,"2 (Abr-Jun)",93,30,64,24
1249,"2 (Abr-Jun)",125,34,55,34
1450,"2 (Abr-Jun)",69,23,52,18
297,"2 (Abr-Jun)",65,24,50,24
3015,"4 (Oct-Dic)",99,31,55,25
268,"2 (Abr-Jun)",110,28,68,31
94,"2 (Abr-Jun)",142,33,58,26
1248,"2 (Abr-Jun)",128,34,58,27
1879,"2 (Abr-Jun)",110,34,75,27
1314,"2 (Abr-Jun)",142,35,69,34
2393,"2 (Abr-Jun)",128,31,70,32
569,"2 (Abr-Jun)",68,22,47,20
3338,"2 (Abr-Jun)",156,36,64,29
3373,"2 (Abr-Jun)",88,29,57,21
3239,"2 (Abr-Jun)",155,36,52,34
2395,"2 (Abr-Jun)",118,35,64,30
503,"2 (Abr-Jun)",96,19,51,24
643,"2 (Abr-Jun)",67,24,58,25
934,"2 (Abr-Jun)",76,23,53,23
2402,"2 (Abr-Jun)",121,33,69,32
1247,"2 (Abr-Jun)",75,22,51,19
273,"2 (Abr-Jun)",111,24,58,24
2600,"2 (Abr-Jun)",72,28,33,13
2403,"2 (Abr-Jun)",125,34,70,33
1851,"2 (Abr-Jun)",139,36,75,31
923,"2 (Abr-Jun)",60,19,37,17
1434,"2 (Abr-Jun)",74,24,44,20
1115,"2 (Abr-Jun)",54,16,54,20
1443,"2 (Abr-Jun)",65,18,54,20
2396,"2 (Abr-Jun)",141,34,73,32
611,"2 (Abr-Jun)",79,28,58,23
1387,"2 (Abr-Jun)",77,20,51,19
84,"2 (Abr-Jun)",118,32,42,24
395,"2 (Abr-Jun)",92,23,56,26
1311,"3 (Jul-Sep)",79,25,62,32
1299,"2 (Abr-Jun)",84,30,67,28
274,"2 (Abr-Jun)",67,20,57,23
1035,"2 (Abr-Jun)",91,24,63,23
840,"2 (Abr-Jun)",84,26,55,24
1368,"2 (Abr-Jun)",88,29,50,23
3231,"2 (Abr-Jun)",105,30,62,25
959,"2 (Abr-Jun)",98,30,67,35
1016,"2 (Abr-Jun)",77,24,60,28
225,"2 (Abr-Jun)",73,24,42,22
3371,"2 (Abr-Jun)",144,36,53,31
2366,"2 (Abr-Jun)",98,32,70,34
3161,"2 (Abr-Jun)",116,32,57,28
980,"2 (Abr-Jun)",98,27,56,29
3249,"3 (Jul-Sep)",135,29,67,27
2394,"3 (Jul-Sep)",154,36,71,33
1876,"3 (Jul-Sep)",117,34,73,27
3310,"2 (Abr-Jun)",94,23,51,24
3130,"2 (Abr-Jun)",118,35,65,32
835,"2 (Abr-Jun)",118,34,75,28
641,"2 (Abr-Jun)",69,19,51,20
713,"3 (Jul-Sep)",131,32,70,32
1441,"3 (Jul-Sep)",66,26,53,22
2007,"3 (Jul-Sep)",74,23,59,20
1888,"3 (Jul-Sep)",109,34,76,27
3202,"2 (Abr-Jun)",130,25,59,31
3106,"3 (Jul-Sep)",79,26,46,20
3380,"2 (Abr-Jun)",140,35,56,32
2352,"3 (Jul-Sep)",100,34,76,29
1007,"3 (Jul-Sep)",64,17,48,16
637,"3 (Jul-Sep)",65,18,48,19
783,"3 (Jul-Sep)",71,19,49,22
949,"3 (Jul-Sep)",103,30,66,35
950,"3 (Jul-Sep)",99,28,64,30
958,"3 (Jul-Sep)",88,31,53,29
730,"3 (Jul-Sep)",76,26,48,21
2368,"2 (Abr-Jun)",112,32,69,35
3327,"3 (Jul-Sep)",88,24,57,24
1527,"3 (Jul-Sep)",121,35,72,29
383,"3 (Jul-Sep)",153,26,67,28
3164,"4 (Oct-Dic)",113,36,69,32
2255,"3 (Jul-Sep)",99,31,63,31
28,"3 (Jul-Sep)",99,23,57,25
1858,"3 (Jul-Sep)",118,31,73,28
1388,"3 (Jul-Sep)",86,23,56,20
2887,"3 (Jul-Sep)",90,30,61,24
358,"3 (Jul-Sep)",79,20,46,19
1361,"3 (Jul-Sep)",122,29,66,33
770,"3 (Jul-Sep)",98,24,59,23
1034,"3 (Jul-Sep)",83,24,51,23
1221,"3 (Jul-Sep)",92,27,56,24
1230,"2 (Abr-Jun)",95,25,64,25
3272,"3 (Jul-Sep)",121,31,58,26
1961,"3 (Jul-Sep)",153,36,78,32
3238,"3 (Jul-Sep)",89,24,56,27
1878,"3 (Jul-Sep)",114,34,75,28
93,"3 (Jul-Sep)",113,32,62,26
2341,"3 (Jul-Sep)",135,35,76,31
12,"3 (Jul-Sep)",108,27,60,27
3235,"3 (Jul-Sep)",108,32,62,23
1446,"3 (Jul-Sep)",70,22,48,22
3353,"3 (Jul-Sep)",138,29,58,31
1308,"3 (Jul-Sep)",89,26,65,30
3421,"3 (Jul-Sep)",94,28,60,21
15,"3 (Jul-Sep)",111,26,55,27
421,"3 (Jul-Sep)",89,31,61,25
930,"3 (Jul-Sep)",98,22,59,22
1517,"3 (Jul-Sep)",118,34,64,29
262,"3 (Jul-Sep)",121,30,70,31
2374,"3 (Jul-Sep)",131,33,77,35
6,"3 (Jul-Sep)",114,27,47,27
1373,"3 (Jul-Sep)",97,28,68,32
1014,"3 (Jul-Sep)",63,17,63,20
1353,"3 (Jul-Sep)",99,24,56,24
507,"3 (Jul-Sep)",115,29,53,26
828,"3 (Jul-Sep)",105,31,69,24
235,"3 (Jul-Sep)",79,22,36,24
3145,"3 (Jul-Sep)",80,28,61,21
839,"3 (Jul-Sep)",78,25,54,23
922,"3 (Jul-Sep)",55,21,51,17
1011,"3 (Jul-Sep)",57,18,46,18
372,"3 (Jul-Sep)",156,25,72,34
1085,"2 (Abr-Jun)",124,35,52,26
2590,"3 (Jul-Sep)",58,29,37,16
279,"3 (Jul-Sep)",45,22,46,21
1008,"3 (Jul-Sep)",80,22,53,22
426,"3 (Jul-Sep)",95,34,61,20
2355,"3 (Jul-Sep)",104,30,76,30
260,"3 (Jul-Sep)",95,26,68,31
2139,"3 (Jul-Sep)",75,20,54,18
286,"3 (Jul-Sep)",63,25,54,25
1514,"3 (Jul-Sep)",120,34,69,29
3225,"3 (Jul-Sep)",108,30,62,23
723,"3 (Jul-Sep)",102,32,65,26
1883,"3 (Jul-Sep)",112,34,60,28
3104,"3 (Jul-Sep)",59,20,50,19
2345,"3 (Jul-Sep)",102,35,77,31
717,"3 (Jul-Sep)",99,35,69,28
2361,"3 (Jul-Sep)",143,32,76,35
378,"3 (Jul-Sep)",147,26,78,28
2525,"3 (Jul-Sep)",67,27,58,21
3131,"3 (Jul-Sep)",82,30,55,25
1305,"3 (Jul-Sep)",65,20,61,31
261,"3 (Jul-Sep)",102,30,65,31
710,"3 (Jul-Sep)",129,33,74,34
1377,"3 (Jul-Sep)",112,26,61,30
816,"3 (Jul-Sep)",106,31,61,24
1372,"3 (Jul-Sep)",87,27,64,28
3368,"3 (Jul-Sep)",80,27,60,25
612,"3 (Jul-Sep)",78,25,60,21
1752,"3 (Jul-Sep)",136,36,78,31
2118,"3 (Jul-Sep)",77,26,51,23
1451,"3 (Jul-Sep)",52,23,55,21
981,"3 (Jul-Sep)",98,27,60,29
3264,"3 (Jul-Sep)",65,21,52,21
1229,"3 (Jul-Sep)",72,27,50,25
11,"3 (Jul-Sep)",100,24,56,26
1523,"3 (Jul-Sep)",57,25,55,20
3370,"3 (Jul-Sep)",141,36,68,31
714,"3 (Jul-Sep)",121,31,71,33
715,"3 (Jul-Sep)",126,34,73,35
869,"3 (Jul-Sep)",85,30,65,30
566,"3 (Jul-Sep)",88,26,57,24
1913,"3 (Jul-Sep)",111,30,68,25
373,"3 (Jul-Sep)",153,25,71,34
638,"3 (Jul-Sep)",81,22,58,22
2338,"3 (Jul-Sep)",67,34,70,28
408,"3 (Jul-Sep)",88,31,54,21
1886,"3 (Jul-Sep)",101,33,73,27
294,"3 (Jul-Sep)",69,24,55,27
1959,"3 (Jul-Sep)",154,35,77,28
3109,"3 (Jul-Sep)",72,18,52,19
708,"3 (Jul-Sep)",122,32,72,34
1962,"3 (Jul-Sep)",130,34,75,32
2344,"3 (Jul-Sep)",107,35,77,31
812,"3 (Jul-Sep)",97,31,68,26
1456,"3 (Jul-Sep)",65,23,51,17
2597,"3 (Jul-Sep)",34,26,33,8
1304,"3 (Jul-Sep)",85,25,63,32
296,"3 (Jul-Sep)",81,24,53,28
829,"3 (Jul-Sep)",62,30,58,24
387,"3 (Jul-Sep)",107,25,57,26
362,"3 (Jul-Sep)",78,18,46,19
1862,"3 (Jul-Sep)",112,29,73,31
1519,"3 (Jul-Sep)",67,29,62,21
1376,"2 (Abr-Jun)",85,23,61,30
2409,"3 (Jul-Sep)",111,29,67,29
991,"3 (Jul-Sep)",71,26,67,24
3375,"3 (Jul-Sep)",104,26,61,27
79,"3 (Jul-Sep)",112,33,61,29
1809,"3 (Jul-Sep)",106,23,63,25
272,"3 (Jul-Sep)",44,17,45,16
3498,"3 (Jul-Sep)",97,26,55,23
1857,"3 (Jul-Sep)",116,33,73,29
3358,"3 (Jul-Sep)",59,18,51,20
1882,"3 (Jul-Sep)",114,34,76,27
2362,"3 (Jul-Sep)",106,32,73,34
3190,"3 (Jul-Sep)",124,31,65,31
3112,"3 (Jul-Sep)",140,35,68,34
1510,"1 (Ene-Mar)",105,30,61,27
811,"3 (Jul-Sep)",82,28,65,23
3220,"3 (Jul-Sep)",92,25,53,23
1455,"3 (Jul-Sep)",69,25,51,19
382,"3 (Jul-Sep)",153,25,67,28
1530,"3 (Jul-Sep)",73,30,60,27
1366,"3 (Jul-Sep)",82,26,53,21
3341,"3 (Jul-Sep)",137,35,58,26
830,"3 (Jul-Sep)",111,21,61,23
3222,"3 (Jul-Sep)",112,30,58,30
1250,"3 (Jul-Sep)",110,31,54,28
1853,"3 (Jul-Sep)",156,36,78,33
1223,"3 (Jul-Sep)",71,26,64,22
2516,"3 (Jul-Sep)",81,34,68,24
2607,"3 (Jul-Sep)",38,24,39,9
1121,"3 (Jul-Sep)",41,11,38,14
1395,"3 (Jul-Sep)",85,27,57,24
3350,"3 (Jul-Sep)",104,28,53,25
424,"3 (Jul-Sep)",94,33,63,27
926,"3 (Jul-Sep)",96,25,70,29
1453,"3 (Jul-Sep)",60,24,51,19
2799,"2 (Abr-Jun)",103,29,64,27
1042,"3 (Jul-Sep)",83,26,70,22
3478,"4 (Oct-Dic)",106,30,52,23
1226,"3 (Jul-Sep)",62,26,55,21
988,"3 (Jul-Sep)",94,27,71,30
3169,"3 (Jul-Sep)",105,29,53,22
2248,"3 (Jul-Sep)",59,21,53,17
1528,"3 (Jul-Sep)",47,32,56,20
2612,"3 (Jul-Sep)",68,22,50,17
3183,"1 (Ene-Mar)",148,35,65,31
3335,"3 (Jul-Sep)",129,33,62,27
402,"3 (Jul-Sep)",56,23,57,21
374,"3 (Jul-Sep)",153,26,77,30
2515,"3 (Jul-Sep)",115,36,61,24
2251,"3 (Jul-Sep)",97,31,63,31
3180,"3 (Jul-Sep)",156,36,61,30
2258,"3 (Jul-Sep)",106,31,60,30
1374,"3 (Jul-Sep)",123,33,70,32
1748,"3 (Jul-Sep)",134,35,78,30
1219,"3 (Jul-Sep)",104,29,49,26
1868,"3 (Jul-Sep)",136,36,71,30
3325,"1 (Ene-Mar)",127,36,52,27
1252,"3 (Jul-Sep)",96,30,58,21
237,"3 (Jul-Sep)",58,15,38,18
2558,"3 (Jul-Sep)",86,30,49,22
3415,"3 (Jul-Sep)",118,31,62,26
1029,"3 (Jul-Sep)",89,25,56,23
3293,"3 (Jul-Sep)",101,27,55,23
1025,"3 (Jul-Sep)",83,25,62,25
1877,"3 (Jul-Sep)",97,34,73,26
557,"3 (Jul-Sep)",72,17,59,17
1189,"3 (Jul-Sep)",89,30,56,17
1114,"3 (Jul-Sep)",44,14,37,12
1808,"3 (Jul-Sep)",98,25,62,25
1112,"3 (Jul-Sep)",46,10,45,18
68,"3 (Jul-Sep)",80,29,57,22
813,"3 (Jul-Sep)",80,28,73,26
3159,"3 (Jul-Sep)",89,30,64,30
559,"3 (Jul-Sep)",77,25,67,29
89,"3 (Jul-Sep)",130,32,54,26
868,"3 (Jul-Sep)",81,32,53,32
3362,"3 (Jul-Sep)",101,29,57,26
1028,"3 (Jul-Sep)",90,25,48,20
425,"3 (Jul-Sep)",86,31,60,22
1036,"3 (Jul-Sep)",94,24,64,23
1319,"3 (Jul-Sep)",64,20,55,24
2598,"3 (Jul-Sep)",76,29,72,28
2803,"3 (Jul-Sep)",131,32,73,30
2610,"3 (Jul-Sep)",52,29,47,14
1118,"4 (Oct-Dic)",48,17,41,16
998,"3 (Jul-Sep)",75,20,52,21
2807,"4 (Oct-Dic)",101,31,61,24
301,"3 (Jul-Sep)",65,21,51,27
1087,"4 (Oct-Dic)",131,36,74,28
1358,"3 (Jul-Sep)",74,19,50,21
726,"4 (Oct-Dic)",114,32,65,27
80,"4 (Oct-Dic)",76,22,50,18
699,"4 (Oct-Dic)",93,30,65,24
561,"4 (Oct-Dic)",90,25,62,22
31,"4 (Oct-Dic)",105,27,58,27
392,"4 (Oct-Dic)",96,27,59,23
25,"4 (Oct-Dic)",110,28,60,27
1442,"4 (Oct-Dic)",61,18,52,21
1369,"4 (Oct-Dic)",102,33,68,28
703,"4 (Oct-Dic)",142,34,76,36
3229,"2 (Abr-Jun)",63,13,46,19
3417,"2 (Abr-Jun)",107,28,52,27
1791,"4 (Oct-Dic)",137,36,71,29
568,"4 (Oct-Dic)",85,25,45,21
903,"4 (Oct-Dic)",108,26,59,23
1370,"3 (Jul-Sep)",109,32,69,30
3223,"4 (Oct-Dic)",108,30,61,23
610,"4 (Oct-Dic)",77,27,56,22
1884,"4 (Oct-Dic)",119,34,73,28
833,"4 (Oct-Dic)",55,23,35,18
639,"4 (Oct-Dic)",73,20,57,21
3012,"4 (Oct-Dic)",120,33,64,28
2260,"1 (Ene-Mar)",113,29,57,28
917,"4 (Oct-Dic)",76,22,69,23
386,"4 (Oct-Dic)",73,22,58,26
3147,"4 (Oct-Dic)",102,34,64,30
3148,"4 (Oct-Dic)",102,34,64,30
3351,"3 (Jul-Sep)",99,24,56,18
293,"4 (Oct-Dic)",72,24,55,27
1020,"4 (Oct-Dic)",77,24,60,23
1515,"4 (Oct-Dic)",83,31,63,23
377,"3 (Jul-Sep)",145,26,78,34
2357,"1 (Ene-Mar)",68,27,69,21
3453,"2 (Abr-Jun)",90,27,63,18
220,"4 (Oct-Dic)",73,24,30,15
3182,"3 (Jul-Sep)",85,30,57,27
925,"4 (Oct-Dic)",107,27,70,29
952,"4 (Oct-Dic)",97,29,50,32
562,"4 (Oct-Dic)",62,25,46,19
1236,"4 (Oct-Dic)",45,18,45,15
1227,"4 (Oct-Dic)",73,27,51,19
1525,"4 (Oct-Dic)",126,34,73,29
2593,"4 (Oct-Dic)",57,27,42,16
3303,"4 (Oct-Dic)",99,29,58,23
712,"4 (Oct-Dic)",135,33,68,32
3176,"4 (Oct-Dic)",114,35,63,33
823,"4 (Oct-Dic)",65,29,60,20
3194,"3 (Jul-Sep)",85,26,57,25
2408,"4 (Oct-Dic)",112,29,65,31
1316,"4 (Oct-Dic)",101,29,62,28
841,"3 (Jul-Sep)",97,26,56,24
1315,"4 (Oct-Dic)",101,27,63,31
1449,"2 (Abr-Jun)",61,23,45,18
2349,"4 (Oct-Dic)",101,35,76,31
3414,"4 (Oct-Dic)",95,28,56,29
933,"4 (Oct-Dic)",85,23,59,24
3105,"3 (Jul-Sep)",94,26,55,21
371,"4 (Oct-Dic)",156,26,72,31
401,"4 (Oct-Dic)",57,24,53,19
722,"4 (Oct-Dic)",129,35,66,29
1178,"4 (Oct-Dic)",84,26,46,19
1301,"4 (Oct-Dic)",63,19,59,24
2574,"4 (Oct-Dic)",117,29,65,25
918,"4 (Oct-Dic)",65,13,46,16
920,"4 (Oct-Dic)",66,18,56,23
2800,"4 (Oct-Dic)",126,32,65,30
2517,"4 (Oct-Dic)",104,32,68,23
3152,"4 (Oct-Dic)",88,35,65,31
3282,"4 (Oct-Dic)",71,16,52,30
1089,"4 (Oct-Dic)",114,36,74,26
2380,"4 (Oct-Dic)",123,32,76,34
381,"4 (Oct-Dic)",154,26,76,28
384,"4 (Oct-Dic)",153,20,68,30
1352,"4 (Oct-Dic)",100,28,57,25
1807,"4 (Oct-Dic)",44,15,43,24
2407,"4 (Oct-Dic)",98,29,62,30
1518,"4 (Oct-Dic)",36,20,53,18
1298,"4 (Oct-Dic)",70,24,61,29
3245,"4 (Oct-Dic)",109,29,60,30
530,"4 (Oct-Dic)",101,25,56,24
232,"4 (Oct-Dic)",85,26,52,28
2346,"4 (Oct-Dic)",113,36,75,30
818,"4 (Oct-Dic)",73,29,69,20
3199,"2 (Abr-Jun)",105,30,53,26
3227,"4 (Oct-Dic)",109,26,61,24
87,"4 (Oct-Dic)",60,17,46,17
2611,"4 (Oct-Dic)",43,24,43,16
1880,"4 (Oct-Dic)",101,34,76,28
360,"4 (Oct-Dic)",77,18,46,19
1181,"4 (Oct-Dic)",76,25,47,20
8,"4 (Oct-Dic)",104,25,54,27
1318,"4 (Oct-Dic)",67,22,58,28
2273,"4 (Oct-Dic)",80,24,53,18
3297,"4 (Oct-Dic)",81,21,59,22
822,"4 (Oct-Dic)",116,32,74,26
1861,"4 (Oct-Dic)",113,28,62,30
1512,"4 (Oct-Dic)",64,29,59,19
90,"4 (Oct-Dic)",144,36,52,32
1860,"4 (Oct-Dic)",104,29,56,25
1312,"4 (Oct-Dic)",87,25,63,32
2561,"4 (Oct-Dic)",95,27,54,25
1792,"4 (Oct-Dic)",63,22,68,20
1532,"4 (Oct-Dic)",46,32,49,24
400,"4 (Oct-Dic)",105,26,61,23
1024,"4 (Oct-Dic)",84,25,63,24
1137,"4 (Oct-Dic)",124,32,77,26
613,"4 (Oct-Dic)",70,25,57,20
932,"4 (Oct-Dic)",94,21,65,26
572,"4 (Oct-Dic)",83,23,63,27
1120,"4 (Oct-Dic)",48,13,45,14
78,"4 (Oct-Dic)",132,35,54,23
1749,"4 (Oct-Dic)",69,31,71,19
1140,"4 (Oct-Dic)",51,28,43,21
3389,"4 (Oct-Dic)",73,26,53,15
821,"4 (Oct-Dic)",124,30,71,27
1019,"4 (Oct-Dic)",90,28,61,27
239,"4 (Oct-Dic)",89,24,56,30
3187,"4 (Oct-Dic)",88,23,57,24
2556,"4 (Oct-Dic)",73,24,49,18
2599,"4 (Oct-Dic)",73,28,52,22
1032,"4 (Oct-Dic)",81,24,51,23
265,"4 (Oct-Dic)",81,22,62,27
1367,"4 (Oct-Dic)",98,27,58,29
570,"4 (Oct-Dic)",89,23,68,33
1182,"4 (Oct-Dic)",73,21,52,18
2591,"4 (Oct-Dic)",45,24,40,10
67,"4 (Oct-Dic)",139,36,59,31
2143,"4 (Oct-Dic)",65,25,47,16
351,"4 (Oct-Dic)",94,23,47,21
2555,"4 (Oct-Dic)",55,17,57,17
838,"4 (Oct-Dic)",92,29,58,20
1914,"4 (Oct-Dic)",106,31,61,24
299,"4 (Oct-Dic)",67,19,55,27
779,"4 (Oct-Dic)",89,23,55,24
406,"3 (Jul-Sep)",95,27,51,24
3497,"4 (Oct-Dic)",136,33,70,33
2351,"4 (Oct-Dic)",93,34,71,31
786,"4 (Oct-Dic)",94,25,52,24
2559,"4 (Oct-Dic)",117,31,61,24
30,"4 (Oct-Dic)",111,25,58,27
1863,"4 (Oct-Dic)",117,33,74,27
3383,"3 (Jul-Sep)",75,24,58,18
409,"4 (Oct-Dic)",82,31,56,24
3111,"4 (Oct-Dic)",78,25,43,20
776,"4 (Oct-Dic)",68,17,48,21
2379,"4 (Oct-Dic)",125,27,77,35
2369,"4 (Oct-Dic)",125,32,75,35
1513,"4 (Oct-Dic)",35,21,45,16
3322,"3 (Jul-Sep)",86,26,51,23
389,"4 (Oct-Dic)",71,21,53,23
953,"4 (Oct-Dic)",78,28,67,30
961,"4 (Oct-Dic)",82,24,71,31
1001,"4 (Oct-Dic)",55,17,48,18
465,"4 (Oct-Dic)",131,28,51,24
29,"4 (Oct-Dic)",109,27,59,27
1852,"4 (Oct-Dic)",131,33,74,35
1109,"4 (Oct-Dic)",49,14,37,17
2557,"4 (Oct-Dic)",114,32,62,29
3482,"1 (Ene-Mar)",125,36,65,31
1390,"4 (Oct-Dic)",82,21,52,21
817,"4 (Oct-Dic)",109,31,76,27
2140,"4 (Oct-Dic)",77,25,43,23
353,"4 (Oct-Dic)",77,21,45,19
10,"4 (Oct-Dic)",83,22,48,24
1780,"4 (Oct-Dic)",100,34,66,29
2806,"1 (Ene-Mar)",90,29,63,26
1976,"4 (Oct-Dic)",137,36,67,30
1364,"4 (Oct-Dic)",84,22,61,20
3,"4 (Oct-Dic)",108,26,57,27
1238,"4 (Oct-Dic)",77,21,43,14
3160,"4 (Oct-Dic)",112,34,65,31
2365,"4 (Oct-Dic)",95,34,65,34
3166,"4 (Oct-Dic)",73,23,41,16
33,"4 (Oct-Dic)",104,24,46,24
556,"4 (Oct-Dic)",73,24,59,23
2804,"4 (Oct-Dic)",126,32,57,28
2138,"4 (Oct-Dic)",101,28,53,26
2137,"4 (Oct-Dic)",75,25,49,18
355,"4 (Oct-Dic)",81,19,46,19
1386,"4 (Oct-Dic)",72,20,56,20
375,"4 (Oct-Dic)",153,26,78,34
706,"4 (Oct-Dic)",123,31,69,31
427,"4 (Oct-Dic)",97,33,63,22
3337,"4 (Oct-Dic)",103,28,61,28
3172,"4 (Oct-Dic)",110,26,59,30
3364,"4 (Oct-Dic)",136,33,67,31
1037,"4 (Oct-Dic)",68,25,44,24
3266,"4 (Oct-Dic)",92,26,59,20
3108,"4 (Oct-Dic)",99,28,61,22
782,"4 (Oct-Dic)",86,22,53,23
2601,"4 (Oct-Dic)",36,25,32,11
642,"4 (Oct-Dic)",63,14,57,20
1136,"4 (Oct-Dic)",111,32,75,26
985,"4 (Oct-Dic)",73,24,51,24
227,"4 (Oct-Dic)",84,24,48,23
1383,"4 (Oct-Dic)",65,16,52,20
711,"4 (Oct-Dic)",105,31,73,31
88,"4 (Oct-Dic)",102,31,48,24
1228,"4 (Oct-Dic)",73,28,67,25
777,"4 (Oct-Dic)",87,23,52,24
931,"4 (Oct-Dic)",87,22,58,25
824,"4 (Oct-Dic)",108,31,70,24
2257,"4 (Oct-Dic)",80,21,55,23
27,"4 (Oct-Dic)",111,24,58,27
2263,"1 (Ene-Mar)",78,31,52,21
82,"4 (Oct-Dic)",103,35,58,22
825,"4 (Oct-Dic)",73,29,47,21
1445,"4 (Oct-Dic)",77,24,49,22
1855,"1 (Ene-Mar)",116,30,76,29
354,"1 (Ene-Mar)",80,21,49,19
1017,"1 (Ene-Mar)",85,27,63,24
3246,"1 (Ene-Mar)",84,15,48,23
2114,"1 (Ene-Mar)",61,23,56,24
467,"1 (Ene-Mar)",105,28,55,26
919,"1 (Ene-Mar)",79,23,64,24
1375,"4 (Oct-Dic)",100,30,71,32
69,"1 (Ene-Mar)",106,31,49,22
2354,"1 (Ene-Mar)",63,28,61,22
1452,"1 (Ene-Mar)",54,23,50,22
240,"4 (Oct-Dic)",92,26,61,30
3400,"4 (Oct-Dic)",75,21,59,14
780,"4 (Oct-Dic)",96,19,54,24
1240,"1 (Ene-Mar)",70,22,50,14
2256,"1 (Ene-Mar)",80,24,58,23
2376,"4 (Oct-Dic)",121,32,76,34
3480,"3 (Jul-Sep)",156,36,65,23
947,"1 (Ene-Mar)",110,27,55,28
962,"4 (Oct-Dic)",81,31,43,23
2367,"1 (Ene-Mar)",117,32,71,35
1110,"1 (Ene-Mar)",57,15,49,20
1083,"1 (Ene-Mar)",97,35,67,21
579,"1 (Ene-Mar)",73,21,40,19
2373,"4 (Oct-Dic)",119,32,77,35
423,"1 (Ene-Mar)",93,33,61,27
230,"1 (Ene-Mar)",76,20,55,22
300,"4 (Oct-Dic)",48,20,51,20
3261,"1 (Ene-Mar)",130,30,60,26
1116,"1 (Ene-Mar)",55,12,51,18
2265,"1 (Ene-Mar)",108,31,61,31
955,"1 (Ene-Mar)",100,28,67,35
3334,"1 (Ene-Mar)",130,33,68,27
2410,"1 (Ene-Mar)",74,26,52,24
1448,"4 (Oct-Dic)",72,23,47,18
85,"1 (Ene-Mar)",49,14,44,14
1233,"1 (Ene-Mar)",64,23,47,19
2513,"1 (Ene-Mar)",91,29,67,23
1444,"1 (Ene-Mar)",76,22,50,21
1355,"1 (Ene-Mar)",76,19,53,21
563,"1 (Ene-Mar)",66,21,52,17
83,"1 (Ene-Mar)",46,17,38,14
295,"4 (Oct-Dic)",60,22,55,26
2618,"1 (Ene-Mar)",92,27,72,33
2521,"1 (Ene-Mar)",91,31,66,25
2359,"1 (Ene-Mar)",96,31,72,25
1439,"1 (Ene-Mar)",67,25,48,19
224,"1 (Ene-Mar)",46,22,47,19
2406,"1 (Ene-Mar)",124,34,70,33
352,"1 (Ene-Mar)",75,15,45,19
77,"1 (Ene-Mar)",144,36,65,30
3124,"1 (Ene-Mar)",101,30,64,27
3329,"1 (Ene-Mar)",151,35,74,31
2250,"1 (Ene-Mar)",83,24,56,30
3236,"1 (Ene-Mar)",105,32,57,25
3232,"1 (Ene-Mar)",80,18,43,21
3394,"4 (Oct-Dic)",51,22,44,8
2141,"1 (Ene-Mar)",88,27,53,23
719,"1 (Ene-Mar)",104,33,68,27
702,"1 (Ene-Mar)",142,35,76,35
3263,"1 (Ene-Mar)",146,33,66,25
1362,"1 (Ene-Mar)",69,21,55,22
3452,"1 (Ene-Mar)",118,32,61,23
2006,"1 (Ene-Mar)",84,27,61,20
2363,"1 (Ene-Mar)",134,32,76,35
1516,"1 (Ene-Mar)",43,24,56,20
2603,"2 (Abr-Jun)",101,31,53,21
3216,"1 (Ene-Mar)",127,31,53,28
2519,"1 (Ene-Mar)",82,28,69,21
1108,"1 (Ene-Mar)",45,13,37,12
2520,"1 (Ene-Mar)",70,23,59,26
1881,"1 (Ene-Mar)",100,34,76,28
394,"1 (Ene-Mar)",60,22,49,20
700,"1 (Ene-Mar)",136,33,75,35
2271,"1 (Ene-Mar)",75,23,57,24
3344,"1 (Ene-Mar)",115,30,59,21
86,"1 (Ene-Mar)",101,31,48,26
259,"1 (Ene-Mar)",96,25,63,29
3128,"1 (Ene-Mar)",111,35,66,32
2523,"1 (Ene-Mar)",84,34,73,28
2264,"1 (Ene-Mar)",63,21,52,22
2144,"1 (Ene-Mar)",60,20,44,17
3174,"1 (Ene-Mar)",55,18,46,22
1522,"1 (Ene-Mar)",117,30,69,29
2802,"1 (Ene-Mar)",115,29,58,29
996,"1 (Ene-Mar)",57,16,47,16
640,"1 (Ene-Mar)",71,21,54,22
623,"1 (Ene-Mar)",65,23,49,21
929,"3 (Jul-Sep)",82,20,60,22
1533,"1 (Ene-Mar)",55,24,43,23
707,"1 (Ene-Mar)",126,32,75,34
5,"1 (Ene-Mar)",109,26,56,27
3275,"1 (Ene-Mar)",82,23,50,20
2592,"1 (Ene-Mar)",87,28,64,25
2348,"1 (Ene-Mar)",94,34,76,30
76,"1 (Ene-Mar)",97,24,54,24
1356,"3 (Jul-Sep)",110,27,61,25
3294,"1 (Ene-Mar)",90,26,54,19
1357,"1 (Ene-Mar)",93,24,59,23
221,"1 (Ene-Mar)",81,26,48,27
505,"1 (Ene-Mar)",110,34,60,26
2522,"1 (Ene-Mar)",53,26,58,15
2378,"1 (Ene-Mar)",129,32,77,35
1349,"1 (Ene-Mar)",113,27,50,25
1864,"1 (Ene-Mar)",105,34,75,27
1526,"1 (Ene-Mar)",101,29,69,23
361,"3 (Jul-Sep)",79,20,49,19
4,"2 (Abr-Jun)",115,27,57,26
785,"1 (Ene-Mar)",84,22,52,24
1511,"2 (Abr-Jun)",86,34,60,27
3309,"1 (Ene-Mar)",79,27,49,22
3265,"1 (Ene-Mar)",95,27,58,27
3113,"1 (Ene-Mar)",136,28,62,28
13,"1 (Ene-Mar)",97,25,55,26
2619,"1 (Ene-Mar)",97,31,75,31
397,"1 (Ene-Mar)",71,25,57,20
1303,"1 (Ene-Mar)",79,22,63,31
3300,"1 (Ene-Mar)",101,32,61,24
787,"1 (Ene-Mar)",95,24,53,24
3291,"1 (Ene-Mar)",94,28,58,23
2269,"1 (Ene-Mar)",101,31,61,28
3270,"1 (Ene-Mar)",131,29,54,27
775,"1 (Ene-Mar)",103,25,54,26
2272,"1 (Ene-Mar)",105,31,62,29
3142,"4 (Oct-Dic)",81,32,62,24
3250,"1 (Ene-Mar)",80,24,57,23
469,"1 (Ene-Mar)",92,22,52,22
1397,"1 (Ene-Mar)",82,23,56,21
2340,"1 (Ene-Mar)",67,31,66,23
7,"1 (Ene-Mar)",102,24,46,26
887,"1 (Ene-Mar)",101,29,70,31
482,"2 (Abr-Jun)",141,35,62,29
1307,"1 (Ene-Mar)",58,19,57,26
2262,"1 (Ene-Mar)",60,21,52,24
885,"1 (Ene-Mar)",88,32,44,35
1363,"1 (Ene-Mar)",81,28,58,22
2412,"1 (Ene-Mar)",108,25,66,27
1111,"1 (Ene-Mar)",53,13,56,21
2370,"4 (Oct-Dic)",115,32,75,35
2382,"1 (Ene-Mar)",121,32,65,34
3154,"1 (Ene-Mar)",100,35,66,31
2608,"1 (Ene-Mar)",51,25,37,14
1520,"1 (Ene-Mar)",86,29,59,24
1044,"1 (Ene-Mar)",63,24,58,27
3114,"1 (Ene-Mar)",140,32,56,31
1521,"1 (Ene-Mar)",41,21,52,17
2364,"1 (Ene-Mar)",121,34,77,35
2564,"1 (Ene-Mar)",82,20,43,18
624,"1 (Ene-Mar)",70,20,57,22
385,"1 (Ene-Mar)",153,20,73,30
769,"1 (Ene-Mar)",92,29,60,23
3384,"1 (Ene-Mar)",65,19,57,15
3345,"1 (Ene-Mar)",117,27,59,24
1027,"1 (Ene-Mar)",84,25,63,30
1788,"1 (Ene-Mar)",59,28,70,24
3107,"1 (Ene-Mar)",95,28,52,21
26,"1 (Ene-Mar)",101,25,57,27
271,"1 (Ene-Mar)",85,21,62,27
2375,"1 (Ene-Mar)",123,32,77,34
2270,"1 (Ene-Mar)",128,36,61,35
609,"1 (Ene-Mar)",65,24,54,17
3136,"1 (Ene-Mar)",93,28,55,22
3418,"1 (Ene-Mar)",109,29,57,20
1245,"1 (Ene-Mar)",106,26,58,26
2506,"1 (Ene-Mar)",99,26,62,27
3256,"2 (Abr-Jun)",144,32,59,30
832,"1 (Ene-Mar)",70,33,63,22
399,"1 (Ene-Mar)",87,24,60,22
1222,"1 (Ene-Mar)",73,29,56,23
2524,"1 (Ene-Mar)",81,33,62,25
2411,"1 (Ene-Mar)",83,27,57,26
3365,"1 (Ene-Mar)",153,36,56,28
1320,"1 (Ene-Mar)",62,23,61,27
2573,"1 (Ene-Mar)",114,29,57,30
398,"1 (Ene-Mar)",72,21,52,18
1454,"1 (Ene-Mar)",62,25,53,19
284,"1 (Ene-Mar)",79,24,55,28
280,"1 (Ene-Mar)",90,23,57,24
2401,"1 (Ene-Mar)",83,29,70,27
1031,"1 (Ene-Mar)",87,24,64,23
3157,"3 (Jul-Sep)",102,32,64,31
1119,"1 (Ene-Mar)",51,13,46,16
948,"1 (Ene-Mar)",98,29,66,32
3477,"1 (Ene-Mar)",82,21,46,17
258,"1 (Ene-Mar)",57,19,57,21
928,"1 (Ene-Mar)",54,19,56,18
359,"1 (Ene-Mar)",78,17,46,19
2404,"1 (Ene-Mar)",81,26,60,24
1360,"1 (Ene-Mar)",67,19,56,21
1041,"1 (Ene-Mar)",92,31,49,27
3271,"1 (Ene-Mar)",100,21,52,22
3158,"3 (Jul-Sep)",135,34,72,31
819,"1 (Ene-Mar)",98,32,72,24
1023,"1 (Ene-Mar)",69,24,59,23
3305,"1 (Ene-Mar)",77,23,43,24
216,"1 (Ene-Mar)",79,23,53,25
1107,"1 (Ene-Mar)",42,13,37,12
3340,"1 (Ene-Mar)",86,24,52,22
298,"1 (Ene-Mar)",83,25,55,29
2252,"1 (Ene-Mar)",83,24,58,27
2350,"1 (Ene-Mar)",59,25,68,18
815,"1 (Ene-Mar)",63,20,39,20
393,"1 (Ene-Mar)",61,24,55,23
290,"1 (Ene-Mar)",56,23,55,27
291,"1 (Ene-Mar)",48,20,55,22
2392,"1 (Ene-Mar)",110,32,59,27
3188,"2 (Abr-Jun)",156,36,63,30
3378,"1 (Ene-Mar)",54,18,51,12
2261,"1 (Ene-Mar)",74,25,54,23
292,"1 (Ene-Mar)",66,22,55,25
915,"1 (Ene-Mar)",68,22,59,19
916,"1 (Ene-Mar)",74,19,57,18
622,"1 (Ene-Mar)",73,18,50,20
773,"1 (Ene-Mar)",92,25,58,25
1302,"1 (Ene-Mar)",70,21,59,30
724,"1 (Ene-Mar)",110,33,69,28
1183,"1 (Ene-Mar)",73,20,47,17
935,"1 (Ene-Mar)",79,20,69,23
3177,"3 (Jul-Sep)",121,34,48,27
924,"1 (Ene-Mar)",84,19,59,22
618,"1 (Ene-Mar)",69,22,51,20
463,"1 (Ene-Mar)",96,24,47,22
1235,"1 (Ene-Mar)",67,19,54,18
2560,"1 (Ene-Mar)",112,27,54,23
1865,"1 (Ene-Mar)",77,31,70,24
380,"1 (Ene-Mar)",154,26,77,28
270,"1 (Ene-Mar)",70,20,59,23
1225,"1 (Ene-Mar)",68,29,52,21
3473,"1 (Ene-Mar)",140,36,56,25
621,"1 (Ene-Mar)",82,20,57,21
3445,"1 (Ene-Mar)",84,28,55,15
219,"1 (Ene-Mar)",73,23,51,25
627,"1 (Ene-Mar)",57,14,56,22
1509,"1 (Ene-Mar)",48,23,50,19
3168,"1 (Ene-Mar)",76,22,55,21
2342,"1 (Ene-Mar)",60,23,63,26
3411,"1 (Ene-Mar)",73,26,58,16
881,"2 (Abr-Jun)",71,32,57,28
390,"1 (Ene-Mar)",82,23,56,22
2405,"1 (Ene-Mar)",102,30,69,30
1963,"2 (Abr-Jun)",87,18,60,26
331,"2 (Abr-Jun)",98,27,61,28
2606,"1 (Ene-Mar)",74,31,59,21
3255,"1 (Ene-Mar)",77,28,56,24
1419,"2 (Abr-Jun)",120,31,70,31
1285,"2 (Abr-Jun)",63,20,63,22
388,"1 (Ene-Mar)",57,20,52,20
2244,"2 (Abr-Jun)",95,26,62,21
1329,"2 (Abr-Jun)",56,16,63,20
1197,"2 (Abr-Jun)",97,31,60,24
1401,"2 (Abr-Jun)",142,35,74,32
3080,"2 (Abr-Jun)",104,35,77,21
2821,"2 (Abr-Jun)",77,22,52,23
2569,"2 (Abr-Jun)",136,30,57,29
340,"2 (Abr-Jun)",86,20,56,24
1539,"2 (Abr-Jun)",58,26,59,21
1084,"1 (Ene-Mar)",91,36,64,23
1603,"2 (Abr-Jun)",87,26,62,23
3122,"1 (Ene-Mar)",81,18,54,20
2223,"2 (Abr-Jun)",107,30,59,22
3215,"2 (Abr-Jun)",113,33,76,29
3068,"2 (Abr-Jun)",99,35,51,27
323,"2 (Abr-Jun)",68,20,58,19
1811,"2 (Abr-Jun)",96,25,61,25
1408,"2 (Abr-Jun)",83,27,76,28
2085,"2 (Abr-Jun)",111,28,66,27
2104,"2 (Abr-Jun)",74,31,63,25
778,"1 (Ene-Mar)",85,22,54,22
2287,"2 (Abr-Jun)",97,24,52,28
873,"2 (Abr-Jun)",61,31,57,27
2279,"2 (Abr-Jun)",123,25,61,26
2127,"2 (Abr-Jun)",92,25,65,27
1706,"2 (Abr-Jun)",90,18,50,21
316,"2 (Abr-Jun)",122,34,76,31
367,"2 (Abr-Jun)",79,23,59,24
9,"1 (Ene-Mar)",94,23,57,25
2082,"2 (Abr-Jun)",71,30,60,29
2466,"2 (Abr-Jun)",91,23,69,27
3387,"1 (Ene-Mar)",92,28,58,27
19,"2 (Abr-Jun)",64,21,49,20
370,"1 (Ene-Mar)",152,22,51,24
405,"2 (Abr-Jun)",60,23,56,23
1601,"2 (Abr-Jun)",142,30,65,30
2816,"2 (Abr-Jun)",57,13,49,22
57,"2 (Abr-Jun)",39,20,50,18
1776,"2 (Abr-Jun)",65,29,64,20
2501,"2 (Abr-Jun)",97,27,51,23
951,"1 (Ene-Mar)",80,25,67,33
683,"2 (Abr-Jun)",85,28,67,28
856,"2 (Abr-Jun)",110,33,68,29
2182,"2 (Abr-Jun)",93,25,51,23
1242,"4 (Oct-Dic)",52,15,41,11
407,"2 (Abr-Jun)",57,23,55,21
1804,"1 (Ene-Mar)",73,25,59,23
2078,"2 (Abr-Jun)",77,27,59,24
1278,"2 (Abr-Jun)",72,16,56,22
3443,"2 (Abr-Jun)",139,25,68,31
2291,"2 (Abr-Jun)",113,28,54,31
2571,"2 (Abr-Jun)",134,23,56,31
3469,"2 (Abr-Jun)",93,25,47,23
746,"2 (Abr-Jun)",75,22,57,19
1673,"2 (Abr-Jun)",56,22,50,25
788,"2 (Abr-Jun)",74,20,55,23
1557,"2 (Abr-Jun)",81,24,66,24
2442,"2 (Abr-Jun)",116,30,60,25
60,"2 (Abr-Jun)",55,23,57,26
1616,"2 (Abr-Jun)",74,18,47,19
697,"2 (Abr-Jun)",72,30,68,25
1602,"2 (Abr-Jun)",113,29,64,30
3198,"2 (Abr-Jun)",98,31,69,26
1696,"2 (Abr-Jun)",93,17,51,17
1859,"1 (Ene-Mar)",113,28,73,30
554,"2 (Abr-Jun)",137,36,64,34
1874,"2 (Abr-Jun)",47,13,42,17
2820,"2 (Abr-Jun)",83,19,59,25
2532,"2 (Abr-Jun)",88,32,67,25
2071,"2 (Abr-Jun)",78,27,61,24
2827,"2 (Abr-Jun)",39,20,45,20
676,"2 (Abr-Jun)",86,28,67,25
1831,"2 (Abr-Jun)",79,26,46,18
979,"2 (Abr-Jun)",94,21,52,22
1406,"2 (Abr-Jun)",79,27,62,28
718,"2 (Abr-Jun)",74,30,62,23
1201,"2 (Abr-Jun)",81,23,40,18
55,"2 (Abr-Jun)",51,23,57,24
791,"2 (Abr-Jun)",90,23,55,25
155,"2 (Abr-Jun)",82,21,52,26
2390,"2 (Abr-Jun)",104,35,76,30
3412,"2 (Abr-Jun)",128,32,67,32
3466,"2 (Abr-Jun)",100,29,66,25
319,"2 (Abr-Jun)",53,22,49,18
1767,"2 (Abr-Jun)",110,29,77,28
165,"2 (Abr-Jun)",81,21,56,26
1887,"4 (Oct-Dic)",119,34,77,28
41,"2 (Abr-Jun)",96,28,63,29
974,"2 (Abr-Jun)",108,26,63,27
63,"2 (Abr-Jun)",52,23,48,20
1838,"2 (Abr-Jun)",133,32,73,29
877,"2 (Abr-Jun)",68,31,55,26
3175,"4 (Oct-Dic)",92,30,69,25
2090,"2 (Abr-Jun)",88,31,65,30
1203,"2 (Abr-Jun)",133,29,60,25
1966,"2 (Abr-Jun)",79,20,50,21
1321,"2 (Abr-Jun)",63,20,63,22
366,"2 (Abr-Jun)",77,24,56,23
2818,"2 (Abr-Jun)",83,23,53,23
680,"2 (Abr-Jun)",69,27,66,24
691,"2 (Abr-Jun)",82,30,67,28
1612,"2 (Abr-Jun)",102,29,65,28
38,"2 (Abr-Jun)",71,24,51,22
1775,"2 (Abr-Jun)",99,29,77,27
688,"2 (Abr-Jun)",95,30,64,29
1843,"2 (Abr-Jun)",148,34,76,31
542,"2 (Abr-Jun)",67,22,56,21
795,"2 (Abr-Jun)",73,19,53,20
742,"2 (Abr-Jun)",40,14,49,20
3070,"2 (Abr-Jun)",117,35,70,36
2834,"2 (Abr-Jun)",89,22,50,22
2459,"2 (Abr-Jun)",117,31,63,29
1611,"2 (Abr-Jun)",131,31,69,27
350,"2 (Abr-Jun)",82,19,55,21
159,"2 (Abr-Jun)",82,20,55,26
158,"2 (Abr-Jun)",83,21,55,26
1281,"2 (Abr-Jun)",50,18,52,18
2237,"2 (Abr-Jun)",65,27,66,24
3203,"2 (Abr-Jun)",113,33,72,26
3071,"2 (Abr-Jun)",91,33,73,35
1689,"2 (Abr-Jun)",75,22,68,28
1055,"2 (Abr-Jun)",72,25,57,23
2194,"2 (Abr-Jun)",79,28,60,25
2447,"2 (Abr-Jun)",121,26,69,29
1745,"2 (Abr-Jun)",68,16,48,13
603,"2 (Abr-Jun)",51,22,54,17
16,"2 (Abr-Jun)",66,18,45,16
2095,"2 (Abr-Jun)",108,34,66,31
40,"2 (Abr-Jun)",43,10,42,16
1062,"2 (Abr-Jun)",63,21,50,18
21,"2 (Abr-Jun)",74,25,55,24
1968,"2 (Abr-Jun)",92,27,59,29
1783,"2 (Abr-Jun)",107,35,59,26
1217,"2 (Abr-Jun)",80,25,69,29
693,"2 (Abr-Jun)",76,28,66,27
797,"2 (Abr-Jun)",71,20,51,20
3463,"2 (Abr-Jun)",116,26,51,26
1215,"2 (Abr-Jun)",99,25,64,28
3066,"2 (Abr-Jun)",108,35,73,34
1677,"2 (Abr-Jun)",47,17,53,19
1625,"2 (Abr-Jun)",98,23,55,25
1535,"2 (Abr-Jun)",78,22,64,30
2326,"2 (Abr-Jun)",75,18,47,21
3088,"3 (Jul-Sep)",97,35,73,35
1773,"2 (Abr-Jun)",75,29,68,24
3218,"2 (Abr-Jun)",120,30,74,27
3213,"2 (Abr-Jun)",64,16,62,19
1546,"2 (Abr-Jun)",83,25,65,33
1649,"2 (Abr-Jun)",94,25,65,25
1756,"2 (Abr-Jun)",66,26,73,19
799,"2 (Abr-Jun)",70,20,56,19
615,"2 (Abr-Jun)",44,18,44,18
2185,"2 (Abr-Jun)",62,27,49,18
1629,"2 (Abr-Jun)",115,30,56,31
753,"2 (Abr-Jun)",49,16,52,22
2108,"2 (Abr-Jun)",78,24,57,23
970,"2 (Abr-Jun)",101,25,55,27
1744,"2 (Abr-Jun)",92,18,63,25
318,"2 (Abr-Jun)",75,20,59,21
2531,"2 (Abr-Jun)",93,32,69,25
3425,"2 (Abr-Jun)",131,31,76,31
1871,"2 (Abr-Jun)",87,22,56,28
946,"2 (Abr-Jun)",143,31,43,29
341,"2 (Abr-Jun)",84,20,52,23
964,"3 (Jul-Sep)",79,21,51,21
2462,"2 (Abr-Jun)",89,31,66,25
2277,"2 (Abr-Jun)",132,28,68,34
3450,"2 (Abr-Jun)",68,19,50,24
2130,"2 (Abr-Jun)",70,19,50,18
346,"2 (Abr-Jun)",83,21,52,22
1702,"2 (Abr-Jun)",97,28,73,34
3221,"1 (Ene-Mar)",59,19,51,20
1284,"2 (Abr-Jun)",63,20,65,23
437,"2 (Abr-Jun)",75,23,47,19
1765,"2 (Abr-Jun)",68,30,70,22
1326,"2 (Abr-Jun)",56,17,62,19
694,"2 (Abr-Jun)",109,30,67,28
527,"2 (Abr-Jun)",101,31,64,36
1325,"2 (Abr-Jun)",49,16,63,19
1772,"2 (Abr-Jun)",75,27,72,22
1400,"2 (Abr-Jun)",102,28,66,30
616,"2 (Abr-Jun)",62,20,53,21
1127,"2 (Abr-Jun)",102,22,63,28
2235,"2 (Abr-Jun)",79,27,52,16
2331,"2 (Abr-Jun)",66,15,49,28
3459,"2 (Abr-Jun)",113,25,53,26
686,"2 (Abr-Jun)",97,29,67,26
605,"2 (Abr-Jun)",63,24,48,18
848,"2 (Abr-Jun)",112,32,73,31
2828,"2 (Abr-Jun)",115,27,62,28
2211,"2 (Abr-Jun)",80,25,55,23
342,"2 (Abr-Jun)",83,21,59,22
3419,"2 (Abr-Jun)",76,22,50,22
1698,"2 (Abr-Jun)",87,25,69,32
1244,"2 (Abr-Jun)",67,18,59,22
2386,"2 (Abr-Jun)",96,32,75,33
2508,"2 (Abr-Jun)",102,23,53,21
1671,"2 (Abr-Jun)",51,18,45,19
844,"2 (Abr-Jun)",109,31,73,25
2131,"2 (Abr-Jun)",42,13,51,14
732,"2 (Abr-Jun)",79,22,54,21
2147,"2 (Abr-Jun)",116,26,63,30
1664,"2 (Abr-Jun)",76,20,55,31
1771,"2 (Abr-Jun)",75,28,67,23
3379,"2 (Abr-Jun)",71,20,57,22
3323,"2 (Abr-Jun)",120,22,52,23
1570,"2 (Abr-Jun)",117,31,67,29
853,"3 (Jul-Sep)",110,31,78,31
334,"2 (Abr-Jun)",93,20,54,24
2105,"3 (Jul-Sep)",71,25,57,18
330,"2 (Abr-Jun)",76,19,52,23
2441,"2 (Abr-Jun)",123,30,59,23
1588,"2 (Abr-Jun)",141,30,65,30
551,"3 (Jul-Sep)",128,34,59,34
3430,"3 (Jul-Sep)",88,24,59,26
3200,"3 (Jul-Sep)",116,35,67,26
1692,"3 (Jul-Sep)",90,25,67,33
3464,"3 (Jul-Sep)",136,24,66,29
2329,"2 (Abr-Jun)",72,15,49,25
2453,"2 (Abr-Jun)",95,32,63,27
3416,"3 (Jul-Sep)",69,14,46,18
687,"3 (Jul-Sep)",74,27,67,28
757,"3 (Jul-Sep)",67,17,58,20
973,"3 (Jul-Sep)",89,24,58,23
1323,"3 (Jul-Sep)",64,18,65,21
1777,"3 (Jul-Sep)",78,24,49,28
403,"4 (Oct-Dic)",80,24,55,21
2216,"2 (Abr-Jun)",83,31,65,22
2813,"3 (Jul-Sep)",87,25,56,21
760,"3 (Jul-Sep)",87,23,56,24
1661,"2 (Abr-Jun)",78,29,59,26
1214,"3 (Jul-Sep)",78,19,56,22
369,"3 (Jul-Sep)",56,21,54,23
1494,"3 (Jul-Sep)",90,28,70,27
1211,"3 (Jul-Sep)",93,22,63,25
1493,"3 (Jul-Sep)",104,29,66,26
2087,"3 (Jul-Sep)",40,14,50,15
2209,"2 (Abr-Jun)",84,29,60,21
1491,"3 (Jul-Sep)",62,21,61,22
1196,"3 (Jul-Sep)",58,17,61,19
160,"3 (Jul-Sep)",85,20,53,26
1328,"3 (Jul-Sep)",78,20,64,21
3470,"3 (Jul-Sep)",110,26,49,26
1766,"3 (Jul-Sep)",77,30,75,28
2274,"2 (Abr-Jun)",53,23,57,22
1416,"3 (Jul-Sep)",62,25,63,28
882,"2 (Abr-Jun)",63,30,55,24
430,"3 (Jul-Sep)",99,29,69,35
2233,"3 (Jul-Sep)",58,26,50,21
2069,"3 (Jul-Sep)",64,23,59,22
246,"3 (Jul-Sep)",66,19,49,21
846,"3 (Jul-Sep)",109,34,53,26
2809,"2 (Abr-Jun)",68,23,48,22
429,"3 (Jul-Sep)",96,32,63,32
602,"3 (Jul-Sep)",58,22,53,18
347,"3 (Jul-Sep)",68,17,45,17
1421,"3 (Jul-Sep)",131,33,61,25
3302,"3 (Jul-Sep)",90,22,47,20
3493,"3 (Jul-Sep)",85,22,60,23
1052,"3 (Jul-Sep)",80,25,58,29
1763,"3 (Jul-Sep)",39,23,56,21
3488,"2 (Abr-Jun)",108,25,58,24
871,"2 (Abr-Jun)",65,31,51,28
62,"2 (Abr-Jun)",59,25,54,24
1624,"2 (Abr-Jun)",102,27,53,29
1280,"3 (Jul-Sep)",70,20,62,23
1627,"3 (Jul-Sep)",119,30,62,31
3442,"3 (Jul-Sep)",110,28,59,25
852,"3 (Jul-Sep)",108,28,78,27
536,"3 (Jul-Sep)",74,21,55,22
2450,"3 (Jul-Sep)",102,31,63,26
792,"3 (Jul-Sep)",78,22,58,23
1427,"3 (Jul-Sep)",122,28,62,30
3065,"3 (Jul-Sep)",104,33,52,29
1216,"3 (Jul-Sep)",85,23,62,25
1106,"3 (Jul-Sep)",120,32,67,33
2187,"3 (Jul-Sep)",80,27,61,27
339,"3 (Jul-Sep)",80,23,50,25
2179,"3 (Jul-Sep)",92,22,48,23
904,"3 (Jul-Sep)",61,22,45,19
1705,"3 (Jul-Sep)",86,19,60,22
969,"3 (Jul-Sep)",114,26,53,27
2129,"3 (Jul-Sep)",38,10,49,12
1134,"3 (Jul-Sep)",43,26,50,16
685,"3 (Jul-Sep)",70,29,65,27
1279,"3 (Jul-Sep)",55,19,57,18
2080,"3 (Jul-Sep)",63,20,57,20
906,"3 (Jul-Sep)",57,20,48,19
2533,"3 (Jul-Sep)",92,32,72,25
3079,"3 (Jul-Sep)",116,36,78,36
2208,"3 (Jul-Sep)",81,26,53,18
2808,"3 (Jul-Sep)",87,21,56,28
2458,"3 (Jul-Sep)",108,32,64,28
1077,"2 (Abr-Jun)",92,34,63,21
1126,"3 (Jul-Sep)",75,17,58,23
3217,"3 (Jul-Sep)",99,30,68,24
253,"3 (Jul-Sep)",66,23,49,19
322,"3 (Jul-Sep)",65,21,59,18
879,"3 (Jul-Sep)",62,28,56,24
3381,"3 (Jul-Sep)",110,33,64,30
3429,"1 (Ene-Mar)",90,25,69,26
3008,"3 (Jul-Sep)",144,32,75,30
1615,"3 (Jul-Sep)",86,25,56,23
1753,"2 (Abr-Jun)",89,31,77,25
790,"3 (Jul-Sep)",74,20,57,21
2504,"3 (Jul-Sep)",82,24,48,20
1747,"3 (Jul-Sep)",71,16,50,19
737,"3 (Jul-Sep)",44,15,51,16
2822,"3 (Jul-Sep)",121,28,69,29
3438,"3 (Jul-Sep)",100,29,71,28
756,"3 (Jul-Sep)",70,23,54,23
1704,"3 (Jul-Sep)",94,26,66,34
501,"3 (Jul-Sep)",82,28,51,22
1701,"3 (Jul-Sep)",88,26,70,28
3462,"3 (Jul-Sep)",107,32,60,28
2971,"3 (Jul-Sep)",114,34,60,30
1918,"3 (Jul-Sep)",62,17,54,25
1288,"3 (Jul-Sep)",49,18,60,17
3520,"3 (Jul-Sep)",79,22,33,17
156,"3 (Jul-Sep)",82,21,53,26
1261,"3 (Jul-Sep)",70,19,58,22
345,"3 (Jul-Sep)",78,19,55,21
1061,"3 (Jul-Sep)",85,22,53,19
2328,"3 (Jul-Sep)",74,17,52,24
431,"3 (Jul-Sep)",106,32,57,26
2286,"3 (Jul-Sep)",94,20,58,27
320,"3 (Jul-Sep)",80,23,61,23
1703,"3 (Jul-Sep)",72,21,66,25
2281,"3 (Jul-Sep)",93,22,55,28
1758,"3 (Jul-Sep)",92,24,75,25
1760,"3 (Jul-Sep)",61,29,63,23
2534,"3 (Jul-Sep)",92,32,70,27
945,"3 (Jul-Sep)",141,31,46,30
2588,"3 (Jul-Sep)",89,24,51,23
2186,"3 (Jul-Sep)",44,15,40,18
1423,"3 (Jul-Sep)",116,25,57,26
2615,"3 (Jul-Sep)",65,14,56,20
2238,"3 (Jul-Sep)",49,25,55,25
321,"3 (Jul-Sep)",69,21,61,21
1413,"3 (Jul-Sep)",59,28,58,28
1079,"1 (Ene-Mar)",74,32,67,24
2505,"3 (Jul-Sep)",84,25,55,19
2461,"3 (Jul-Sep)",69,30,47,20
2231,"3 (Jul-Sep)",61,23,54,24
2278,"3 (Jul-Sep)",113,24,65,29
1610,"3 (Jul-Sep)",116,27,55,28
1410,"3 (Jul-Sep)",62,28,57,28
2327,"3 (Jul-Sep)",89,20,50,25
679,"3 (Jul-Sep)",70,26,62,23
682,"2 (Abr-Jun)",62,27,63,28
1195,"3 (Jul-Sep)",70,21,54,18
745,"3 (Jul-Sep)",75,22,56,20
1292,"3 (Jul-Sep)",46,15,51,15
3490,"3 (Jul-Sep)",53,22,51,16
2832,"3 (Jul-Sep)",98,20,56,21
555,"3 (Jul-Sep)",71,15,64,22
3408,"3 (Jul-Sep)",110,31,68,24
2332,"3 (Jul-Sep)",63,24,53,21
422,"3 (Jul-Sep)",62,21,55,23
1241,"3 (Jul-Sep)",87,28,69,27
2180,"3 (Jul-Sep)",76,23,54,24
1813,"3 (Jul-Sep)",90,25,63,25
545,"3 (Jul-Sep)",100,28,54,28
3332,"3 (Jul-Sep)",81,21,36,18
1674,"3 (Jul-Sep)",79,20,59,30
608,"3 (Jul-Sep)",64,25,57,20
1291,"3 (Jul-Sep)",67,22,65,23
2207,"3 (Jul-Sep)",89,28,65,25
1803,"3 (Jul-Sep)",88,30,64,27
1618,"3 (Jul-Sep)",81,22,51,19
1492,"3 (Jul-Sep)",61,19,58,21
1327,"3 (Jul-Sep)",39,16,42,15
3434,"3 (Jul-Sep)",98,29,71,31
2530,"3 (Jul-Sep)",63,30,66,23
3074,"3 (Jul-Sep)",90,35,77,35
2189,"3 (Jul-Sep)",67,26,53,23
740,"3 (Jul-Sep)",68,22,59,22
599,"3 (Jul-Sep)",62,23,53,21
329,"3 (Jul-Sep)",69,21,60,19
2968,"3 (Jul-Sep)",105,28,68,24
1411,"3 (Jul-Sep)",54,22,59,29
1258,"3 (Jul-Sep)",84,24,54,26
1164,"3 (Jul-Sep)",102,33,55,28
2219,"3 (Jul-Sep)",143,29,66,30
59,"3 (Jul-Sep)",47,13,49,18
1287,"3 (Jul-Sep)",46,20,59,19
1190,"3 (Jul-Sep)",51,22,54,17
1827,"1 (Ene-Mar)",78,21,60,22
3476,"3 (Jul-Sep)",102,25,58,23
2509,"3 (Jul-Sep)",87,22,54,22
678,"3 (Jul-Sep)",64,26,62,23
1969,"3 (Jul-Sep)",67,20,49,19
3483,"3 (Jul-Sep)",71,21,47,22
880,"3 (Jul-Sep)",64,33,54,26
1124,"3 (Jul-Sep)",92,21,60,25
1919,"3 (Jul-Sep)",71,21,56,25
2510,"3 (Jul-Sep)",88,21,48,21
2444,"3 (Jul-Sep)",105,32,62,24
2294,"4 (Oct-Dic)",86,22,55,28
3460,"3 (Jul-Sep)",103,26,67,29
2812,"3 (Jul-Sep)",61,21,45,20
2098,"3 (Jul-Sep)",63,21,58,16
2197,"3 (Jul-Sep)",111,29,75,33
552,"3 (Jul-Sep)",124,36,64,34
3087,"3 (Jul-Sep)",74,30,75,30
3386,"3 (Jul-Sep)",134,31,76,33
64,"3 (Jul-Sep)",44,21,53,17
2614,"3 (Jul-Sep)",93,25,63,25
2323,"3 (Jul-Sep)",80,21,54,27
1277,"3 (Jul-Sep)",74,21,57,23
3073,"3 (Jul-Sep)",121,34,71,35
1286,"3 (Jul-Sep)",61,19,58,22
1056,"3 (Jul-Sep)",56,22,50,18
1040,"3 (Jul-Sep)",100,21,60,27
2192,"3 (Jul-Sep)",89,29,41,21
2336,"3 (Jul-Sep)",38,15,29,13
1212,"3 (Jul-Sep)",86,21,63,28
1714,"3 (Jul-Sep)",70,23,62,25
1839,"3 (Jul-Sep)",130,32,70,31
872,"3 (Jul-Sep)",64,31,53,24
692,"3 (Jul-Sep)",80,28,62,26
245,"4 (Oct-Dic)",56,19,44,18
965,"3 (Jul-Sep)",104,24,54,27
876,"3 (Jul-Sep)",66,29,49,24
1207,"3 (Jul-Sep)",53,18,45,15
2284,"3 (Jul-Sep)",122,26,63,30
1414,"3 (Jul-Sep)",62,27,69,28
1054,"3 (Jul-Sep)",81,24,52,22
3205,"3 (Jul-Sep)",74,29,67,26
1322,"3 (Jul-Sep)",62,20,65,20
3456,"3 (Jul-Sep)",107,22,54,25
56,"3 (Jul-Sep)",55,23,59,26
24,"3 (Jul-Sep)",47,18,38,19
1621,"3 (Jul-Sep)",129,28,65,29
368,"3 (Jul-Sep)",58,18,52,20
65,"3 (Jul-Sep)",39,16,45,16
1534,"3 (Jul-Sep)",60,16,58,22
414,"3 (Jul-Sep)",72,24,55,26
22,"4 (Oct-Dic)",59,21,49,20
1964,"4 (Oct-Dic)",80,23,56,26
2314,"4 (Oct-Dic)",121,34,76,34
850,"1 (Ene-Mar)",109,33,61,22
977,"4 (Oct-Dic)",110,25,56,26
549,"4 (Oct-Dic)",124,33,56,34
1761,"3 (Jul-Sep)",106,28,77,27
3126,"4 (Oct-Dic)",101,35,65,28
690,"4 (Oct-Dic)",94,30,67,29
972,"4 (Oct-Dic)",100,24,54,24
2191,"3 (Jul-Sep)",81,28,62,19
734,"4 (Oct-Dic)",71,21,58,22
604,"4 (Oct-Dic)",49,21,53,17
2234,"3 (Jul-Sep)",58,23,55,19
1668,"4 (Oct-Dic)",43,18,42,17
1667,"3 (Jul-Sep)",43,17,47,17
1,"4 (Oct-Dic)",61,21,51,21
1784,"4 (Oct-Dic)",74,22,53,19
2335,"3 (Jul-Sep)",47,21,53,22
2196,"3 (Jul-Sep)",86,26,54,25
2195,"3 (Jul-Sep)",111,29,76,32
327,"4 (Oct-Dic)",68,21,61,19
3295,"3 (Jul-Sep)",88,29,57,25
1713,"4 (Oct-Dic)",61,23,66,26
2503,"4 (Oct-Dic)",81,19,49,18
1529,"3 (Jul-Sep)",40,16,47,15
1672,"4 (Oct-Dic)",70,21,58,28
2448,"4 (Oct-Dic)",121,32,65,29
845,"3 (Jul-Sep)",109,26,68,22
696,"4 (Oct-Dic)",58,26,62,21
1869,"4 (Oct-Dic)",71,20,57,23
736,"4 (Oct-Dic)",51,18,52,21
252,"4 (Oct-Dic)",63,22,47,19
1407,"3 (Jul-Sep)",71,26,65,29
3283,"3 (Jul-Sep)",145,27,65,31
420,"4 (Oct-Dic)",111,33,64,30
2184,"4 (Oct-Dic)",62,18,51,18
1198,"3 (Jul-Sep)",89,31,55,24
3085,"4 (Oct-Dic)",95,34,76,30
157,"3 (Jul-Sep)",82,20,54,25
3413,"3 (Jul-Sep)",53,21,54,18
3083,"4 (Oct-Dic)",93,35,77,35
419,"4 (Oct-Dic)",114,32,67,32
3485,"3 (Jul-Sep)",89,25,57,22
2190,"4 (Oct-Dic)",70,24,57,24
1294,"4 (Oct-Dic)",54,13,54,19
2193,"4 (Oct-Dic)",39,11,42,15
2500,"4 (Oct-Dic)",79,19,50,21
750,"4 (Oct-Dic)",67,22,59,22
1988,"4 (Oct-Dic)",81,13,50,16
3479,"4 (Oct-Dic)",65,22,52,19
1188,"4 (Oct-Dic)",67,20,62,24
3372,"4 (Oct-Dic)",91,30,60,28
1177,"3 (Jul-Sep)",77,19,50,19
415,"4 (Oct-Dic)",96,33,65,31
416,"3 (Jul-Sep)",98,34,69,31
3420,"4 (Oct-Dic)",138,25,60,28
1675,"4 (Oct-Dic)",59,18,51,24
1690,"4 (Oct-Dic)",95,28,65,32
1608,"3 (Jul-Sep)",107,30,65,27
2086,"2 (Abr-Jun)",94,24,49,22
1174,"3 (Jul-Sep)",61,19,41,18
1078,"4 (Oct-Dic)",64,27,60,18
1830,"4 (Oct-Dic)",84,29,58,26
3377,"4 (Oct-Dic)",59,18,59,22
3324,"4 (Oct-Dic)",73,16,46,22
1544,"4 (Oct-Dic)",62,21,55,21
2243,"4 (Oct-Dic)",46,20,62,27
3277,"4 (Oct-Dic)",90,28,57,22
1870,"4 (Oct-Dic)",64,16,55,21
635,"4 (Oct-Dic)",46,16,48,18
1075,"4 (Oct-Dic)",147,31,66,31
58,"4 (Oct-Dic)",40,20,52,17
2288,"4 (Oct-Dic)",86,23,53,25
1846,"4 (Oct-Dic)",126,32,75,31
1566,"4 (Oct-Dic)",63,16,57,20
2826,"4 (Oct-Dic)",98,23,59,24
1872,"4 (Oct-Dic)",83,26,65,26
171,"4 (Oct-Dic)",80,21,55,26
170,"4 (Oct-Dic)",80,21,55,26
3181,"4 (Oct-Dic)",101,27,68,24
1762,"4 (Oct-Dic)",121,32,77,29
2460,"4 (Oct-Dic)",81,32,62,25
2133,"4 (Oct-Dic)",67,20,52,17
2222,"4 (Oct-Dic)",71,28,52,18
1490,"4 (Oct-Dic)",78,17,47,19
675,"4 (Oct-Dic)",62,22,66,24
674,"4 (Oct-Dic)",62,22,66,24
1632,"4 (Oct-Dic)",84,20,62,19
2099,"4 (Oct-Dic)",58,21,44,16
2276,"4 (Oct-Dic)",61,24,55,22
975,"4 (Oct-Dic)",80,17,50,18
23,"4 (Oct-Dic)",41,16,42,15
744,"4 (Oct-Dic)",69,21,60,21
1622,"1 (Ene-Mar)",97,23,55,26
968,"4 (Oct-Dic)",84,19,55,24
3321,"4 (Oct-Dic)",148,25,71,35
3326,"3 (Jul-Sep)",142,29,55,31
3489,"4 (Oct-Dic)",92,30,60,28
2246,"2 (Abr-Jun)",40,11,48,15
337,"4 (Oct-Dic)",64,14,54,21
508,"4 (Oct-Dic)",85,20,56,19
1541,"4 (Oct-Dic)",75,22,57,22
1695,"4 (Oct-Dic)",83,17,45,17
1540,"4 (Oct-Dic)",59,18,58,22
601,"4 (Oct-Dic)",55,22,40,20
506,"2 (Abr-Jun)",95,29,60,34
976,"4 (Oct-Dic)",99,23,54,25
1082,"4 (Oct-Dic)",85,29,70,26
417,"4 (Oct-Dic)",119,34,67,33
2245,"4 (Oct-Dic)",71,24,61,22
2570,"4 (Oct-Dic)",51,16,53,18
432,"4 (Oct-Dic)",88,31,63,29
535,"4 (Oct-Dic)",73,20,50,22
2507,"4 (Oct-Dic)",81,18,52,22
3397,"4 (Oct-Dic)",129,29,75,33
169,"4 (Oct-Dic)",74,22,49,25
789,"4 (Oct-Dic)",76,20,56,23
2275,"4 (Oct-Dic)",54,21,57,20
2527,"4 (Oct-Dic)",48,15,53,22
1619,"4 (Oct-Dic)",81,19,56,20
2315,"4 (Oct-Dic)",101,33,75,33
1585,"4 (Oct-Dic)",80,22,58,24
1626,"4 (Oct-Dic)",102,26,53,25
435,"4 (Oct-Dic)",117,30,69,31
636,"4 (Oct-Dic)",69,20,55,23
1663,"4 (Oct-Dic)",71,23,53,29
695,"4 (Oct-Dic)",66,27,64,25
3444,"4 (Oct-Dic)",86,34,61,17
1676,"4 (Oct-Dic)",67,20,47,27
3212,"4 (Oct-Dic)",112,33,75,27
1743,"4 (Oct-Dic)",92,19,62,26
2833,"4 (Oct-Dic)",57,20,54,20
738,"4 (Oct-Dic)",44,19,50,22
1917,"4 (Oct-Dic)",87,24,62,25
2005,"4 (Oct-Dic)",62,25,61,21
1774,"4 (Oct-Dic)",83,29,77,22
39,"4 (Oct-Dic)",60,22,52,20
1623,"4 (Oct-Dic)",113,25,62,31
1488,"3 (Jul-Sep)",62,17,47,19
436,"4 (Oct-Dic)",84,22,43,24
1768,"4 (Oct-Dic)",52,24,60,23
1932,"4 (Oct-Dic)",77,21,58,24
1392,"4 (Oct-Dic)",77,22,44,19
2083,"4 (Oct-Dic)",61,25,56,29
1194,"4 (Oct-Dic)",87,21,70,29
3307,"4 (Oct-Dic)",98,22,47,25
1420,"4 (Oct-Dic)",112,28,62,31
1930,"4 (Oct-Dic)",75,18,50,16
2204,"4 (Oct-Dic)",99,27,66,25
3077,"2 (Abr-Jun)",116,36,76,36
1845,"4 (Oct-Dic)",106,30,71,29
1489,"4 (Oct-Dic)",79,29,48,23
1759,"4 (Oct-Dic)",42,24,70,21
2446,"4 (Oct-Dic)",74,31,54,26
1275,"4 (Oct-Dic)",100,24,65,27
1202,"4 (Oct-Dic)",100,28,65,28
1556,"4 (Oct-Dic)",48,20,57,21
2388,"4 (Oct-Dic)",94,31,69,33
1426,"4 (Oct-Dic)",69,24,47,19
1296,"4 (Oct-Dic)",50,18,64,18
1123,"4 (Oct-Dic)",73,14,60,22
1186,"4 (Oct-Dic)",77,24,42,18
1239,"4 (Oct-Dic)",68,20,62,22
1693,"4 (Oct-Dic)",94,18,60,19
1757,"4 (Oct-Dic)",59,27,71,21
3448,"1 (Ene-Mar)",76,25,51,13
1688,"4 (Oct-Dic)",86,19,69,26
752,"4 (Oct-Dic)",72,22,56,20
3084,"4 (Oct-Dic)",85,30,68,33
598,"4 (Oct-Dic)",67,22,45,17
3009,"4 (Oct-Dic)",101,30,70,27
743,"4 (Oct-Dic)",75,24,61,18
3328,"4 (Oct-Dic)",91,19,47,20
1715,"4 (Oct-Dic)",74,24,70,26
1634,"4 (Oct-Dic)",68,19,50,18
550,"4 (Oct-Dic)",83,26,51,21
2202,"4 (Oct-Dic)",75,19,57,21
1700,"4 (Oct-Dic)",75,23,67,23
49,"4 (Oct-Dic)",49,21,50,18
2502,"4 (Oct-Dic)",49,15,46,19
1605,"4 (Oct-Dic)",97,29,62,25
1129,"4 (Oct-Dic)",101,23,64,27
3432,"4 (Oct-Dic)",109,29,71,26
2829,"4 (Oct-Dic)",120,25,67,29
2203,"4 (Oct-Dic)",121,33,76,34
51,"4 (Oct-Dic)",37,16,50,17
2221,"4 (Oct-Dic)",73,22,58,20
2226,"4 (Oct-Dic)",71,24,60,19
3426,"3 (Jul-Sep)",137,32,77,30
1571,"4 (Oct-Dic)",120,33,69,28
749,"4 (Oct-Dic)",64,20,56,21
1769,"4 (Oct-Dic)",40,22,70,19
1770,"4 (Oct-Dic)",36,22,59,17
1403,"4 (Oct-Dic)",62,17,48,17
1243,"4 (Oct-Dic)",69,18,62,22
1059,"4 (Oct-Dic)",86,23,50,21
733,"4 (Oct-Dic)",56,18,56,20
2293,"4 (Oct-Dic)",90,22,59,27
2817,"4 (Oct-Dic)",79,22,47,21
2236,"4 (Oct-Dic)",54,23,55,26
1755,"4 (Oct-Dic)",37,17,56,16
3195,"4 (Oct-Dic)",72,32,62,21
971,"4 (Oct-Dic)",80,21,51,23
1754,"4 (Oct-Dic)",64,25,65,20
1293,"3 (Jul-Sep)",52,20,60,21
1785,"4 (Oct-Dic)",69,23,50,17
1927,"4 (Oct-Dic)",84,22,56,23
2830,"4 (Oct-Dic)",60,23,56,21
1707,"4 (Oct-Dic)",75,18,56,14
251,"4 (Oct-Dic)",60,21,49,19
2077,"4 (Oct-Dic)",73,24,61,24
1694,"4 (Oct-Dic)",90,21,57,18
2224,"4 (Oct-Dic)",84,27,68,21
3457,"4 (Oct-Dic)",112,23,57,30
3523,"4 (Oct-Dic)",83,24,59,18
2445,"4 (Oct-Dic)",134,32,70,27
1965,"4 (Oct-Dic)",83,25,62,27
3392,"4 (Oct-Dic)",131,25,70,30
537,"4 (Oct-Dic)",60,16,50,19
2616,"4 (Oct-Dic)",59,16,60,22
2,"4 (Oct-Dic)",52,20,44,23
1635,"4 (Oct-Dic)",81,22,59,27
3399,"4 (Oct-Dic)",99,22,65,31
2292,"4 (Oct-Dic)",64,17,54,24
2537,"4 (Oct-Dic)",85,31,65,25
1199,"4 (Oct-Dic)",67,20,49,21
1208,"4 (Oct-Dic)",67,22,47,21
2084,"4 (Oct-Dic)",98,20,63,29
2810,"4 (Oct-Dic)",105,20,59,26
161,"4 (Oct-Dic)",85,20,55,26
794,"4 (Oct-Dic)",77,22,56,21
61,"4 (Oct-Dic)",41,20,52,18
1210,"4 (Oct-Dic)",75,22,56,22
2206,"4 (Oct-Dic)",79,24,48,23
2528,"4 (Oct-Dic)",76,28,68,25
3178,"4 (Oct-Dic)",87,31,71,24
967,"4 (Oct-Dic)",103,25,53,27
54,"4 (Oct-Dic)",64,21,57,25
249,"4 (Oct-Dic)",67,20,50,21
1711,"4 (Oct-Dic)",70,25,65,24
1218,"4 (Oct-Dic)",96,29,68,29
747,"4 (Oct-Dic)",53,18,58,21
2205,"4 (Oct-Dic)",109,22,60,22
1283,"4 (Oct-Dic)",42,15,59,19
798,"4 (Oct-Dic)",75,21,54,24
1795,"4 (Oct-Dic)",89,28,60,28
633,"4 (Oct-Dic)",50,19,50,21
1418,"4 (Oct-Dic)",117,29,66,30
793,"3 (Jul-Sep)",73,21,54,20
2073,"4 (Oct-Dic)",70,22,57,20
1606,"4 (Oct-Dic)",112,30,65,29
1607,"4 (Oct-Dic)",80,22,58,18
344,"4 (Oct-Dic)",71,15,54,21
735,"4 (Oct-Dic)",70,19,57,22
1633,"4 (Oct-Dic)",77,21,47,17
2811,"4 (Oct-Dic)",50,19,48,20
905,"4 (Oct-Dic)",77,25,50,22
2587,"4 (Oct-Dic)",45,17,47,17
1746,"4 (Oct-Dic)",80,18,58,18
2225,"1 (Ene-Mar)",81,23,56,25
1934,"1 (Ene-Mar)",79,21,56,23
1289,"4 (Oct-Dic)",70,24,63,24
684,"1 (Ene-Mar)",74,26,65,29
3011,"1 (Ene-Mar)",98,22,48,21
3006,"1 (Ene-Mar)",101,22,62,23
1175,"1 (Ene-Mar)",51,16,33,15
1060,"1 (Ene-Mar)",54,18,50,18
2585,"1 (Ene-Mar)",81,24,51,22
907,"1 (Ene-Mar)",37,19,48,15
1425,"1 (Ene-Mar)",77,26,41,18
3451,"1 (Ene-Mar)",85,23,61,22
2831,"1 (Ene-Mar)",81,18,57,21
544,"1 (Ene-Mar)",54,17,45,20
3251,"1 (Ene-Mar)",72,21,43,18
2814,"1 (Ene-Mar)",74,22,59,22
3390,"1 (Ene-Mar)",52,15,43,18
1081,"1 (Ene-Mar)",104,35,71,25
1787,"1 (Ene-Mar)",110,33,64,33
2230,"1 (Ene-Mar)",46,16,48,19
2232,"1 (Ene-Mar)",58,20,45,20
2455,"1 (Ene-Mar)",106,28,61,28
944,"1 (Ene-Mar)",138,30,47,29
677,"1 (Ene-Mar)",88,28,63,26
689,"1 (Ene-Mar)",72,27,63,24
2823,"1 (Ene-Mar)",81,23,58,23
1276,"1 (Ene-Mar)",84,20,62,23
1617,"4 (Oct-Dic)",126,23,56,27
1412,"1 (Ene-Mar)",55,25,56,28
2280,"1 (Ene-Mar)",92,23,63,31
3404,"1 (Ene-Mar)",137,25,67,31
1666,"1 (Ene-Mar)",51,19,48,21
2325,"1 (Ene-Mar)",66,15,48,26
3465,"1 (Ene-Mar)",94,31,56,27
1650,"1 (Ene-Mar)",80,29,56,24
2535,"1 (Ene-Mar)",86,33,66,27
3211,"1 (Ene-Mar)",75,32,73,24
2295,"1 (Ene-Mar)",90,21,53,27
3455,"1 (Ene-Mar)",51,10,53,19
35,"1 (Ene-Mar)",42,17,48,18
3063,"1 (Ene-Mar)",116,34,64,35
1778,"1 (Ene-Mar)",86,24,52,22
1393,"1 (Ene-Mar)",70,17,49,19
857,"1 (Ene-Mar)",61,13,43,24
1716,"1 (Ene-Mar)",81,28,69,31
1873,"4 (Oct-Dic)",68,21,40,19
1636,"1 (Ene-Mar)",83,19,49,13
3396,"1 (Ene-Mar)",78,21,52,21
883,"1 (Ene-Mar)",61,30,53,22
2825,"1 (Ene-Mar)",56,21,46,19
2181,"1 (Ene-Mar)",99,26,49,24
1989,"1 (Ene-Mar)",66,26,41,17
1613,"1 (Ene-Mar)",86,23,49,23
3496,"1 (Ene-Mar)",105,27,59,24
1187,"1 (Ene-Mar)",77,19,50,19
943,"1 (Ene-Mar)",139,31,44,28
2970,"1 (Ene-Mar)",82,22,62,24
332,"1 (Ene-Mar)",87,19,55,23
942,"1 (Ene-Mar)",142,31,45,31
1125,"1 (Ene-Mar)",76,18,61,23
50,"1 (Ene-Mar)",37,14,48,18
2123,"1 (Ene-Mar)",60,25,61,18
2815,"1 (Ene-Mar)",68,23,49,20
3276,"1 (Ene-Mar)",91,14,59,26
854,"1 (Ene-Mar)",105,31,78,29
324,"1 (Ene-Mar)",67,20,61,19
849,"1 (Ene-Mar)",107,33,68,31
1764,"1 (Ene-Mar)",46,25,62,21
913,"1 (Ene-Mar)",50,19,53,20
2454,"1 (Ene-Mar)",86,28,61,25
2962,"1 (Ene-Mar)",101,25,62,29
365,"1 (Ene-Mar)",51,22,54,23
2132,"1 (Ene-Mar)",46,15,45,17
2183,"1 (Ene-Mar)",53,18,54,21
1651,"1 (Ene-Mar)",79,28,57,25
254,"1 (Ene-Mar)",55,17,49,19
539,"1 (Ene-Mar)",65,22,54,21
3474,"1 (Ene-Mar)",106,25,59,24
1213,"1 (Ene-Mar)",80,20,61,24
1295,"1 (Ene-Mar)",60,19,65,23
912,"1 (Ene-Mar)",35,15,48,13
3522,"1 (Ene-Mar)",66,22,35,15
1133,"1 (Ene-Mar)",33,25,41,16
2290,"1 (Ene-Mar)",39,13,41,15
3410,"1 (Ene-Mar)",53,20,42,17
941,"2 (Abr-Jun)",143,30,45,30
600,"1 (Ene-Mar)",58,23,54,19
802,"1 (Ene-Mar)",68,22,56,18
3494,"1 (Ene-Mar)",89,22,59,22
411,"1 (Ene-Mar)",32,18,51,8
1779,"1 (Ene-Mar)",85,24,55,26
2128,"1 (Ene-Mar)",74,21,60,22
842,"1 (Ene-Mar)",117,34,73,31
3007,"1 (Ene-Mar)",80,30,67,29
1379,"1 (Ene-Mar)",78,21,49,22
3403,"1 (Ene-Mar)",85,24,57,23
1712,"1 (Ene-Mar)",82,26,69,26
1699,"1 (Ene-Mar)",95,25,69,32
914,"1 (Ene-Mar)",35,16,50,14
1422,"1 (Ene-Mar)",116,28,61,31
1847,"1 (Ene-Mar)",77,21,70,28
3471,"1 (Ene-Mar)",99,23,59,28
250,"1 (Ene-Mar)",60,21,49,20
1260,"1 (Ene-Mar)",76,19,54,22
1812,"1 (Ene-Mar)",77,23,63,25
1080,"1 (Ene-Mar)",72,31,68,24
1409,"1 (Ene-Mar)",58,25,61,29
348,"1 (Ene-Mar)",71,15,53,20
3422,"1 (Ene-Mar)",72,20,61,22
606,"1 (Ene-Mar)",53,22,55,17
3521,"1 (Ene-Mar)",102,28,54,19
1614,"1 (Ene-Mar)",82,25,63,23
2088,"1 (Ene-Mar)",59,18,53,17
1652,"1 (Ene-Mar)",57,25,59,17
754,"1 (Ene-Mar)",63,18,56,19
1547,"4 (Oct-Dic)",80,21,59,30
509,"1 (Ene-Mar)",81,21,55,20
1324,"1 (Ene-Mar)",58,18,61,21
1191,"1 (Ene-Mar)",58,23,52,20
255,"1 (Ene-Mar)",64,19,48,20
938,"2 (Abr-Jun)",140,32,45,30
875,"1 (Ene-Mar)",62,29,49,22
412,"1 (Ene-Mar)",47,17,61,21
1165,"3 (Jul-Sep)",65,19,51,19
1402,"1 (Ene-Mar)",119,31,64,32
42,"1 (Ene-Mar)",65,23,49,20
2240,"1 (Ene-Mar)",74,27,65,25
2819,"1 (Ene-Mar)",74,16,56,23
681,"1 (Ene-Mar)",90,29,64,29
909,"1 (Ene-Mar)",41,14,55,18
796,"1 (Ene-Mar)",70,20,55,21
1128,"2 (Abr-Jun)",75,21,62,24
2536,"1 (Ene-Mar)",78,26,67,25
758,"1 (Ene-Mar)",66,21,49,20
3484,"1 (Ene-Mar)",69,23,56,20
3491,"1 (Ene-Mar)",79,21,55,23
1669,"1 (Ene-Mar)",52,19,54,23
3186,"1 (Ene-Mar)",46,27,41,20
336,"1 (Ene-Mar)",67,16,53,18
874,"1 (Ene-Mar)",71,28,50,24
2529,"1 (Ene-Mar)",73,30,69,23
328,"1 (Ene-Mar)",67,21,60,19
878,"1 (Ene-Mar)",66,31,57,26
1709,"1 (Ene-Mar)",73,18,59,19
617,"1 (Ene-Mar)",42,16,50,20
1665,"1 (Ene-Mar)",55,17,39,24
37,"1 (Ene-Mar)",36,13,39,14
1938,"1 (Ene-Mar)",96,24,66,27
1076,"1 (Ene-Mar)",139,33,65,35
2220,"1 (Ene-Mar)",65,21,57,20
333,"1 (Ene-Mar)",67,14,53,20
164,"1 (Ene-Mar)",80,21,54,22
52,"1 (Ene-Mar)",42,19,50,20
1262,"1 (Ene-Mar)",67,19,54,23
748,"1 (Ene-Mar)",48,17,54,20
1053,"1 (Ene-Mar)",59,14,44,17
614,"4 (Oct-Dic)",47,17,50,19
3089,"1 (Ene-Mar)",95,33,76,33
2452,"1 (Ene-Mar)",68,26,55,22
1166,"1 (Ene-Mar)",67,20,51,16
533,"4 (Oct-Dic)",94,25,58,35
3487,"1 (Ene-Mar)",107,25,60,24
2289,"1 (Ene-Mar)",36,14,40,15
1925,"1 (Ene-Mar)",57,18,47,17
739,"1 (Ene-Mar)",43,14,53,24
2330,"1 (Ene-Mar)",74,18,52,29
1604,"1 (Ene-Mar)",81,20,64,22
1708,"1 (Ene-Mar)",78,18,57,20
759,"1 (Ene-Mar)",35,12,46,19
3382,"1 (Ene-Mar)",59,19,50,16
243,"1 (Ene-Mar)",63,21,48,20
1231,"1 (Ene-Mar)",62,16,58,23
1398,"1 (Ene-Mar)",79,24,53,20
531,"1 (Ene-Mar)",71,19,47,17
1200,"1 (Ene-Mar)",87,28,61,30
937,"1 (Ene-Mar)",137,32,44,30
338,"1 (Ene-Mar)",64,15,50,19
2200,"1 (Ene-Mar)",82,30,46,25
1710,"1 (Ene-Mar)",57,18,64,23
2389,"1 (Ene-Mar)",96,31,76,31
741,"1 (Ene-Mar)",66,20,60,21
1829,"1 (Ene-Mar)",37,11,51,13
1828,"1 (Ene-Mar)",37,15,50,12
1232,"1 (Ene-Mar)",63,19,59,21
966,"1 (Ene-Mar)",82,19,49,22
163,"1 (Ene-Mar)",36,18,54,14
908,"1 (Ene-Mar)",41,16,59,16
987,"1 (Ene-Mar)",70,24,53,23
335,"1 (Ene-Mar)",80,18,56,21
2103,"1 (Ene-Mar)",75,25,62,22
2214,"1 (Ene-Mar)",65,19,45,18
343,"1 (Ene-Mar)",84,15,59,20
1399,"1 (Ene-Mar)",92,25,61,27
162,"1 (Ene-Mar)",41,15,55,18
1691,"1 (Ene-Mar)",60,18,69,24
166,"1 (Ene-Mar)",87,22,54,26
410,"1 (Ene-Mar)",50,18,59,22
2100,"1 (Ene-Mar)",70,26,62,17
2451,"1 (Ene-Mar)",71,21,54,21
20,"1 (Ene-Mar)",34,15,39,17
2201,"1 (Ene-Mar)",93,27,59,27
2449,"1 (Ene-Mar)",74,25,51,18
1939,"1 (Ene-Mar)",107,27,64,27
2443,"1 (Ene-Mar)",82,19,44,20
36,"1 (Ene-Mar)",69,22,52,24
1936,"1 (Ene-Mar)",84,19,56,24
2247,"1 (Ene-Mar)",69,17,59,20
843,"1 (Ene-Mar)",105,28,58,25
326,"1 (Ene-Mar)",68,20,63,18
607,"1 (Ene-Mar)",52,21,42,17
2109,"1 (Ene-Mar)",89,34,63,30
2102,"1 (Ene-Mar)",70,24,59,18
1656,"1 (Ene-Mar)",69,25,54,18
325,"1 (Ene-Mar)",42,11,59,15
1967,"1 (Ene-Mar)",62,13,52,19
851,"1 (Ene-Mar)",108,35,60,28
1670,"1 (Ene-Mar)",51,21,38,24
364,"1 (Ene-Mar)",56,22,57,22
2586,"1 (Ene-Mar)",86,26,52,24
2854,"2 (Abr-Jun)",119,28,60,28
2860,"2 (Abr-Jun)",118,30,61,27
2847,"2 (Abr-Jun)",115,27,69,30
2852,"3 (Jul-Sep)",85,21,37,21
2135,"1 (Ene-Mar)",45,12,50,17
2218,"1 (Ene-Mar)",74,27,59,22
1417,"1 (Ene-Mar)",59,20,56,20
634,"1 (Ene-Mar)",69,19,52,22
2862,"3 (Jul-Sep)",107,20,60,27
751,"1 (Ene-Mar)",63,22,53,19
2875,"3 (Jul-Sep)",110,27,58,28
2334,"1 (Ene-Mar)",35,14,45,19
2333,"1 (Ene-Mar)",48,17,51,18
2239,"1 (Ene-Mar)",85,26,67,11
2387,"1 (Ene-Mar)",106,33,75,30
154,"4 (Oct-Dic)",74,20,48,25
2456,"1 (Ene-Mar)",74,25,51,18
1074,"1 (Ene-Mar)",146,33,72,31
886,"1 (Ene-Mar)",85,31,63,33
1940,"1 (Ene-Mar)",49,10,47,20
3189,"4 (Oct-Dic)",70,27,42,21
2120,"4 (Oct-Dic)",77,24,51,22
2285,"1 (Ene-Mar)",81,23,55,25
3279,"3 (Jul-Sep)",109,23,59,27
2097,"3 (Jul-Sep)",61,21,55,18
3010,"4 (Oct-Dic)",58,14,50,17
2604,"3 (Jul-Sep)",136,35,54,34
3075,"3 (Jul-Sep)",112,35,78,35
3492,"2 (Abr-Jun)",80,25,59,21
2145,"4 (Oct-Dic)",86,26,55,21
479,"3 (Jul-Sep)",144,35,63,29
492,"1 (Ene-Mar)",106,25,54,24
3435,"4 (Oct-Dic)",74,19,60,20
2565,"3 (Jul-Sep)",86,26,55,25
3140,"3 (Jul-Sep)",108,35,64,29
2400,"2 (Abr-Jun)",130,35,75,34
3475,"2 (Abr-Jun)",146,36,51,27
2886,"4 (Oct-Dic)",102,31,65,26
698,"1 (Ene-Mar)",138,32,75,34
404,"2 (Abr-Jun)",78,23,55,23
1157,"2 (Abr-Jun)",70,24,56,27
418,"4 (Oct-Dic)",63,26,49,24
